[{"url": "http://open-zaak.dev:8000/catalogi/api/v1/catalogussen/5ceee275-a0dc-4eda-b646-c6e96b3a42f8", "domein": "ETESD", "rsin": "548746485", "contactpersoon_beheer_naam": "Marcel Lenterman", "contactpersoon_beheer_telefoonnummer": "0636392161", "contactpersoon_beheer_emailadres": "marcel@wearefrank.nl", "zaaktypen": ["http://open-zaak.dev:8000/catalogi/api/v1/zaaktypen/e99dcae3-5e8c-4aae-9152-d3cbfeebb430", "http://open-zaak.dev:8000/catalogi/api/v1/zaaktypen/3cac4cad-48d2-4271-8901-c1911f7b6fa4", "http://open-zaak.dev:8000/catalogi/api/v1/zaaktypen/dab6cc7f-7fc9-41c5-bdd0-b29060c12047", "http://open-zaak.dev:8000/catalogi/api/v1/zaaktypen/ebeadf43-38ec-496e-8281-1b6233f6a385", "http://open-zaak.dev:8000/catalogi/api/v1/zaaktypen/0063833d-55f4-4c7e-a1c8-71549ec320df", "http://open-zaak.dev:8000/catalogi/api/v1/zaaktypen/29588829-5f1f-4643-bcbb-898e02aa4195", "http://open-zaak.dev:8000/catalogi/api/v1/zaaktypen/39be945d-e223-4b53-9a9a-89bb5bfde185", "http://open-zaak.dev:8000/catalogi/api/v1/zaaktypen/b0e04d66-0c0d-44fb-9752-9af03b7aae37", "http://open-zaak.dev:8000/catalogi/api/v1/zaaktypen/43d4d83b-71ae-4bb7-8845-712f8f32cb1e", "http://open-zaak.dev:8000/catalogi/api/v1/zaaktypen/18780a2f-2737-48ce-9db6-f3ebc1e58195"], "besluittypen": [], "informatieobjecttypen": ["http://open-zaak.dev:8000/catalogi/api/v1/informatieobjecttypen/4f6f07d8-251f-4ce9-a8d4-860d42a27466", "http://open-zaak.dev:8000/catalogi/api/v1/informatieobjecttypen/0db54b1c-f99f-47eb-b4ec-b0023151d9ca"]}]