[{"url": "http://open-zaak.dev:8000/catalogi/api/v1/informatieobjecttypen/4f6f07d8-251f-4ce9-a8d4-860d42a27466", "catalogus": "http://open-zaak.dev:8000/catalogi/api/v1/catalogussen/5ceee275-a0dc-4eda-b646-c6e96b3a42f8", "omschrijving": "Brief", "vertrouwelijkheidaanduiding": "intern", "begin_geldigheid": "2021-03-29", "einde_geldigheid": null, "concept": false}, {"url": "http://open-zaak.dev:8000/catalogi/api/v1/informatieobjecttypen/0db54b1c-f99f-47eb-b4ec-b0023151d9ca", "catalogus": "http://open-zaak.dev:8000/catalogi/api/v1/catalogussen/5ceee275-a0dc-4eda-b646-c6e96b3a42f8", "omschrijving": "Bijlage bij melding", "vertrouwelijkheidaanduiding": "zaakvertrouwelijk", "begin_geldigheid": "2021-08-05", "einde_geldigheid": null, "concept": false}]