[{"url": "http://open-zaak.dev:8000/catalogi/api/v1/resultaattypen/815db895-3a48-4634-ad3d-4a1c16a88edf", "zaaktype": "http://open-zaak.dev:8000/catalogi/api/v1/zaaktypen/39be945d-e223-4b53-9a9a-89bb5bfde185", "omschrijving": "Buiten behandeling", "resultaattypeomschrijving": "https://selectielijst.openzaak.nl/api/v1/resultaattypeomschrijvingen/ce8cf476-0b59-496f-8eee-957a7c6e2506", "omschrijving_generiek": "Afgebroken", "selectielijstklasse": "https://selectielijst.openzaak.nl/api/v1/resultaten/733f7553-fb30-4e68-8aa6-2d211de84fb7", "toelichting": "In de applicatie is dit 'Buiten behandeling laten' maar dat is te lang,maximaal 20 karakters bij \"Omschrijving\"", "archiefnominatie": "vernietigen", "archiefactietermijn": "P1827D", "brondatum_archiefprocedure": {"afleidingswijze": "afgehandeld", "datumkenmerk": "", "einddatum_bekend": false, "objecttype": "", "registratie": "", "procestermijn": null}}, {"url": "http://open-zaak.dev:8000/catalogi/api/v1/resultaattypen/7bca6b45-2711-4630-a4c6-ca61550e0ab0", "zaaktype": "http://open-zaak.dev:8000/catalogi/api/v1/zaaktypen/39be945d-e223-4b53-9a9a-89bb5bfde185", "omschrijving": "Ingetrokken", "resultaattypeomschrijving": "https://selectielijst.openzaak.nl/api/v1/resultaattypeomschrijvingen/a6a0bd73-262a-401a-b629-9c4a908c69b5", "omschrijving_generiek": "Ingetrokken", "selectielijstklasse": "https://selectielijst.openzaak.nl/api/v1/resultaten/f58c98a3-9794-43a5-a626-99c271455421", "toelichting": "Moet zijn 'Ingetrokken door client' omdat de \"Omschrijving\" max. 20 karakter kan bevatten.", "archiefnominatie": "vernietigen", "archiefactietermijn": "P42D", "brondatum_archiefprocedure": {"afleidingswijze": "afgehandeld", "datumkenmerk": "", "einddatum_bekend": false, "objecttype": "", "registratie": "", "procestermijn": null}}, {"url": "http://open-zaak.dev:8000/catalogi/api/v1/resultaattypen/f5af9ac0-f052-4e04-910f-2496ab09c69a", "zaaktype": "http://open-zaak.dev:8000/catalogi/api/v1/zaaktypen/0063833d-55f4-4c7e-a1c8-71549ec320df", "omschrijving": "Aanvraag geannuleerd", "resultaattypeomschrijving": "https://selectielijst.openzaak.nl/api/v1/resultaattypeomschrijvingen/ce8cf476-0b59-496f-8eee-957a7c6e2506", "omschrijving_generiek": "Afgebroken", "selectielijstklasse": "https://selectielijst.openzaak.nl/api/v1/resultaten/733f7553-fb30-4e68-8aa6-2d211de84fb7", "toelichting": "", "archiefnominatie": "vernietigen", "archiefactietermijn": "P365D", "brondatum_archiefprocedure": {"afleidingswijze": "afgehandeld", "datumkenmerk": "", "einddatum_bekend": false, "objecttype": "", "registratie": "", "procestermijn": null}}, {"url": "http://open-zaak.dev:8000/catalogi/api/v1/resultaattypen/78dfea64-6a29-4958-b9da-2b4bc1b01ff3", "zaaktype": "http://open-zaak.dev:8000/catalogi/api/v1/zaaktypen/0063833d-55f4-4c7e-a1c8-71549ec320df", "omschrijving": "Aanvraag afgewezen", "resultaattypeomschrijving": "https://selectielijst.openzaak.nl/api/v1/resultaattypeomschrijvingen/ce8cf476-0b59-496f-8eee-957a7c6e2506", "omschrijving_generiek": "Afgebroken", "selectielijstklasse": "https://selectielijst.openzaak.nl/api/v1/resultaten/733f7553-fb30-4e68-8aa6-2d211de84fb7", "toelichting": "", "archiefnominatie": "vernietigen", "archiefactietermijn": "P365D", "brondatum_archiefprocedure": {"afleidingswijze": "afgehandeld", "datumkenmerk": "", "einddatum_bekend": false, "objecttype": "", "registratie": "", "procestermijn": null}}, {"url": "http://open-zaak.dev:8000/catalogi/api/v1/resultaattypen/23ac8579-fbe6-42ed-bab8-732c7e311aac", "zaaktype": "http://open-zaak.dev:8000/catalogi/api/v1/zaaktypen/3cac4cad-48d2-4271-8901-c1911f7b6fa4", "omschrijving": "Buiten behandeling g", "resultaattypeomschrijving": "https://selectielijst.openzaak.nl/api/v1/resultaattypeomschrijvingen/a6a0bd73-262a-401a-b629-9c4a908c69b5", "omschrijving_generiek": "Ingetrokken", "selectielijstklasse": "https://selectielijst.openzaak.nl/api/v1/resultaten/4811c2bc-3255-4cd4-a00a-7ed59223b8b1", "toelichting": "", "archiefnominatie": "vernietigen", "archiefactietermijn": "P1826D", "brondatum_archiefprocedure": {"afleidingswijze": "afgehandeld", "datumkenmerk": "", "einddatum_bekend": false, "objecttype": "", "registratie": "", "procestermijn": null}}, {"url": "http://open-zaak.dev:8000/catalogi/api/v1/resultaattypen/5009be7b-1e39-4e92-97ee-3fb04a295d1f", "zaaktype": "http://open-zaak.dev:8000/catalogi/api/v1/zaaktypen/3cac4cad-48d2-4271-8901-c1911f7b6fa4", "omschrijving": "Toegekend", "resultaattypeomschrijving": "https://selectielijst.openzaak.nl/api/v1/resultaattypeomschrijvingen/ce8cf476-0b59-496f-8eee-957a7c6e2506", "omschrijving_generiek": "Afgebroken", "selectielijstklasse": "https://selectielijst.openzaak.nl/api/v1/resultaten/afa30940-855b-4a7e-aa21-9e15a8078814", "toelichting": "", "archiefnominatie": "vernietigen", "archiefactietermijn": "P3652D", "brondatum_archiefprocedure": {"afleidingswijze": "afgehandeld", "datumkenmerk": "", "einddatum_bekend": false, "objecttype": "", "registratie": "", "procestermijn": null}}, {"url": "http://open-zaak.dev:8000/catalogi/api/v1/resultaattypen/78edd9cb-6dd4-49c9-9e3b-dbe1306e3c8e", "zaaktype": "http://open-zaak.dev:8000/catalogi/api/v1/zaaktypen/29588829-5f1f-4643-bcbb-898e02aa4195", "omschrijving": "Buiten behandeling", "resultaattypeomschrijving": "https://selectielijst.openzaak.nl/api/v1/resultaattypeomschrijvingen/ce8cf476-0b59-496f-8eee-957a7c6e2506", "omschrijving_generiek": "Afgebroken", "selectielijstklasse": "https://selectielijst.openzaak.nl/api/v1/resultaten/f572cb0e-244a-4682-b57e-0c044c468387", "toelichting": "", "archiefnominatie": "vernietigen", "archiefactietermijn": "P1826D", "brondatum_archiefprocedure": {"afleidingswijze": "afgehandeld", "datumkenmerk": "", "einddatum_bekend": false, "objecttype": "", "registratie": "", "procestermijn": null}}, {"url": "http://open-zaak.dev:8000/catalogi/api/v1/resultaattypen/af434e5a-0fd2-401b-8ff1-300462abd7a1", "zaaktype": "http://open-zaak.dev:8000/catalogi/api/v1/zaaktypen/39be945d-e223-4b53-9a9a-89bb5bfde185", "omschrijving": "Afgewezen", "resultaattypeomschrijving": "https://selectielijst.openzaak.nl/api/v1/resultaattypeomschrijvingen/1f750958-431c-4916-bc01-af5d3a753b41", "omschrijving_generiek": "Geweigerd", "selectielijstklasse": "https://selectielijst.openzaak.nl/api/v1/resultaten/cf0c6097-dd84-4e01-8401-28403ab738b0", "toelichting": "", "archiefnominatie": "vernietigen", "archiefactietermijn": "P1827D", "brondatum_archiefprocedure": {"afleidingswijze": "afgehandeld", "datumkenmerk": "", "einddatum_bekend": false, "objecttype": "", "registratie": "", "procestermijn": null}}, {"url": "http://open-zaak.dev:8000/catalogi/api/v1/resultaattypen/498c1df6-1907-4b7f-af5a-30ae0ea2fb1e", "zaaktype": "http://open-zaak.dev:8000/catalogi/api/v1/zaaktypen/39be945d-e223-4b53-9a9a-89bb5bfde185", "omschrijving": "Toekenning", "resultaattypeomschrijving": "https://selectielijst.openzaak.nl/api/v1/resultaattypeomschrijvingen/fb65d251-1518-4185-865f-b8bdcfad07b1", "omschrijving_generiek": "Toegekend", "selectielijstklasse": "https://selectielijst.openzaak.nl/api/v1/resultaten/42cd3baf-7b4f-42da-978f-a3d1945f58e5", "toelichting": "Ander datumkenmerk: na be\u00ebindiging voorziening in registratie 'Inkomensvoorzieningen'", "archiefnominatie": "vernietigen", "archiefactietermijn": "P3653D", "brondatum_archiefprocedure": {"afleidingswijze": "afgehandeld", "datumkenmerk": "", "einddatum_bekend": false, "objecttype": "", "registratie": "", "procestermijn": null}}, {"url": "http://open-zaak.dev:8000/catalogi/api/v1/resultaattypen/c6c7b424-f9f0-4ade-8d83-56a9ef1c0e54", "zaaktype": "http://open-zaak.dev:8000/catalogi/api/v1/zaaktypen/e99dcae3-5e8c-4aae-9152-d3cbfeebb430", "omschrijving": "Afgebroken", "resultaattypeomschrijving": "https://selectielijst.openzaak.nl/api/v1/resultaattypeomschrijvingen/ce8cf476-0b59-496f-8eee-957a7c6e2506", "omschrijving_generiek": "Afgebroken", "selectielijstklasse": "https://selectielijst.openzaak.nl/api/v1/resultaten/450c6aba-625e-4539-a1c3-3d71477113c7", "toelichting": "", "archiefnominatie": "vernietigen", "archiefactietermijn": "P365D", "brondatum_archiefprocedure": {"afleidingswijze": "afgehandeld", "datumkenmerk": "", "einddatum_bekend": false, "objecttype": "", "registratie": "", "procestermijn": null}}, {"url": "http://open-zaak.dev:8000/catalogi/api/v1/resultaattypen/c2e68b53-3d39-4cb3-9107-3243da33fcf5", "zaaktype": "http://open-zaak.dev:8000/catalogi/api/v1/zaaktypen/e99dcae3-5e8c-4aae-9152-d3cbfeebb430", "omschrijving": "Uitgevoerd", "resultaattypeomschrijving": "https://selectielijst.openzaak.nl/api/v1/resultaattypeomschrijvingen/f33dbd16-68ae-4820-acb5-5f437bca5edb", "omschrijving_generiek": "Verwerkt", "selectielijstklasse": "https://selectielijst.openzaak.nl/api/v1/resultaten/d52e6e2c-9a7a-403c-9b01-3e5ef1b052c9", "toelichting": "", "archiefnominatie": "vernietigen", "archiefactietermijn": "P365D", "brondatum_archiefprocedure": {"afleidingswijze": "afgehandeld", "datumkenmerk": "", "einddatum_bekend": false, "objecttype": "", "registratie": "", "procestermijn": null}}, {"url": "http://open-zaak.dev:8000/catalogi/api/v1/resultaattypen/dc77a02f-f584-44bc-b249-524e285d0ebb", "zaaktype": "http://open-zaak.dev:8000/catalogi/api/v1/zaaktypen/ebeadf43-38ec-496e-8281-1b6233f6a385", "omschrijving": "Afgehandeld", "resultaattypeomschrijving": "https://selectielijst.openzaak.nl/api/v1/resultaattypeomschrijvingen/7cb315fb-4f7b-4a43-aca1-e4522e4c73b3", "omschrijving_generiek": "Afgehandeld", "selectielijstklasse": "https://selectielijst.openzaak.nl/api/v1/resultaten/e0e60015-84c5-4001-a8a0-1f3a87de0cfd", "toelichting": "", "archiefnominatie": "vernietigen", "archiefactietermijn": "P5479D", "brondatum_archiefprocedure": {"afleidingswijze": "afgehandeld", "datumkenmerk": "", "einddatum_bekend": false, "objecttype": "", "registratie": "", "procestermijn": null}}, {"url": "http://open-zaak.dev:8000/catalogi/api/v1/resultaattypen/24502632-2b8e-4de4-9af7-fdd79b8f7f02", "zaaktype": "http://open-zaak.dev:8000/catalogi/api/v1/zaaktypen/dab6cc7f-7fc9-41c5-bdd0-b29060c12047", "omschrijving": "Aanvraag afgewezen", "resultaattypeomschrijving": "https://selectielijst.openzaak.nl/api/v1/resultaattypeomschrijvingen/ce8cf476-0b59-496f-8eee-957a7c6e2506", "omschrijving_generiek": "Afgebroken", "selectielijstklasse": "https://selectielijst.openzaak.nl/api/v1/resultaten/733f7553-fb30-4e68-8aa6-2d211de84fb7", "toelichting": "", "archiefnominatie": "vernietigen", "archiefactietermijn": "P365D", "brondatum_archiefprocedure": {"afleidingswijze": "afgehandeld", "datumkenmerk": "", "einddatum_bekend": false, "objecttype": "", "registratie": "", "procestermijn": null}}, {"url": "http://open-zaak.dev:8000/catalogi/api/v1/resultaattypen/bc93ba82-b558-42dc-8ebf-f04689c2dc6d", "zaaktype": "http://open-zaak.dev:8000/catalogi/api/v1/zaaktypen/dab6cc7f-7fc9-41c5-bdd0-b29060c12047", "omschrijving": "Aanvraag geannuleerd", "resultaattypeomschrijving": "https://selectielijst.openzaak.nl/api/v1/resultaattypeomschrijvingen/ce8cf476-0b59-496f-8eee-957a7c6e2506", "omschrijving_generiek": "Afgebroken", "selectielijstklasse": "https://selectielijst.openzaak.nl/api/v1/resultaten/733f7553-fb30-4e68-8aa6-2d211de84fb7", "toelichting": "", "archiefnominatie": "vernietigen", "archiefactietermijn": "P365D", "brondatum_archiefprocedure": {"afleidingswijze": "afgehandeld", "datumkenmerk": "", "einddatum_bekend": false, "objecttype": "", "registratie": "", "procestermijn": null}}, {"url": "http://open-zaak.dev:8000/catalogi/api/v1/resultaattypen/68e55be6-7eee-4bb9-8702-76d50ce0ed33", "zaaktype": "http://open-zaak.dev:8000/catalogi/api/v1/zaaktypen/0063833d-55f4-4c7e-a1c8-71549ec320df", "omschrijving": "Uitgereikt", "resultaattypeomschrijving": "https://selectielijst.openzaak.nl/api/v1/resultaattypeomschrijvingen/f33dbd16-68ae-4820-acb5-5f437bca5edb", "omschrijving_generiek": "Verwerkt", "selectielijstklasse": "https://selectielijst.openzaak.nl/api/v1/resultaten/b3e2368f-65c7-4764-b7bf-f0d025c7609b", "toelichting": "", "archiefnominatie": "vernietigen", "archiefactietermijn": "P4018D", "brondatum_archiefprocedure": {"afleidingswijze": "hoofdzaak", "datumkenmerk": "", "einddatum_bekend": false, "objecttype": "", "registratie": "", "procestermijn": null}}, {"url": "http://open-zaak.dev:8000/catalogi/api/v1/resultaattypen/27190f5b-1336-4244-9349-802025bc87a1", "zaaktype": "http://open-zaak.dev:8000/catalogi/api/v1/zaaktypen/0063833d-55f4-4c7e-a1c8-71549ec320df", "omschrijving": "Niet uitgereikt", "resultaattypeomschrijving": "https://selectielijst.openzaak.nl/api/v1/resultaattypeomschrijvingen/a6a0bd73-262a-401a-b629-9c4a908c69b5", "omschrijving_generiek": "Ingetrokken", "selectielijstklasse": "https://selectielijst.openzaak.nl/api/v1/resultaten/cf0c6097-dd84-4e01-8401-28403ab738b0", "toelichting": "", "archiefnominatie": "vernietigen", "archiefactietermijn": "P365D", "brondatum_archiefprocedure": {"afleidingswijze": "afgehandeld", "datumkenmerk": "", "einddatum_bekend": false, "objecttype": "", "registratie": "", "procestermijn": null}}, {"url": "http://open-zaak.dev:8000/catalogi/api/v1/resultaattypen/4ee5b77e-e480-40cb-83fb-3b622924bf9d", "zaaktype": "http://open-zaak.dev:8000/catalogi/api/v1/zaaktypen/0063833d-55f4-4c7e-a1c8-71549ec320df", "omschrijving": "Geleverd voor 5 jaar", "resultaattypeomschrijving": "https://selectielijst.openzaak.nl/api/v1/resultaattypeomschrijvingen/f33dbd16-68ae-4820-acb5-5f437bca5edb", "omschrijving_generiek": "Verwerkt", "selectielijstklasse": "https://selectielijst.openzaak.nl/api/v1/resultaten/b3e2368f-65c7-4764-b7bf-f0d025c7609b", "toelichting": "", "archiefnominatie": "vernietigen", "archiefactietermijn": "P2191D", "brondatum_archiefprocedure": {"afleidingswijze": "hoofdzaak", "datumkenmerk": "", "einddatum_bekend": false, "objecttype": "", "registratie": "", "procestermijn": null}}, {"url": "http://open-zaak.dev:8000/catalogi/api/v1/resultaattypen/b5b486df-6ca6-4e94-b5e2-be705deb454e", "zaaktype": "http://open-zaak.dev:8000/catalogi/api/v1/zaaktypen/29588829-5f1f-4643-bcbb-898e02aa4195", "omschrijving": "Ingetrokken", "resultaattypeomschrijving": "https://selectielijst.openzaak.nl/api/v1/resultaattypeomschrijvingen/a6a0bd73-262a-401a-b629-9c4a908c69b5", "omschrijving_generiek": "Ingetrokken", "selectielijstklasse": "https://selectielijst.openzaak.nl/api/v1/resultaten/12421a71-3dc3-42df-a0dc-820c1744c7b7", "toelichting": "", "archiefnominatie": "vernietigen", "archiefactietermijn": "P365D", "brondatum_archiefprocedure": {"afleidingswijze": "afgehandeld", "datumkenmerk": "", "einddatum_bekend": false, "objecttype": "", "registratie": "", "procestermijn": null}}, {"url": "http://open-zaak.dev:8000/catalogi/api/v1/resultaattypen/3e3fc57c-6c0e-4864-9e40-3737f9685144", "zaaktype": "http://open-zaak.dev:8000/catalogi/api/v1/zaaktypen/29588829-5f1f-4643-bcbb-898e02aa4195", "omschrijving": "Niet verleend", "resultaattypeomschrijving": "https://selectielijst.openzaak.nl/api/v1/resultaattypeomschrijvingen/ce8cf476-0b59-496f-8eee-957a7c6e2506", "omschrijving_generiek": "Afgebroken", "selectielijstklasse": "https://selectielijst.openzaak.nl/api/v1/resultaten/f572cb0e-244a-4682-b57e-0c044c468387", "toelichting": "", "archiefnominatie": "vernietigen", "archiefactietermijn": "P1826D", "brondatum_archiefprocedure": {"afleidingswijze": "afgehandeld", "datumkenmerk": "", "einddatum_bekend": false, "objecttype": "", "registratie": "", "procestermijn": null}}, {"url": "http://open-zaak.dev:8000/catalogi/api/v1/resultaattypen/79c5c8ad-d52b-4e17-bd85-d426051d14aa", "zaaktype": "http://open-zaak.dev:8000/catalogi/api/v1/zaaktypen/29588829-5f1f-4643-bcbb-898e02aa4195", "omschrijving": "Vergunningvrij", "resultaattypeomschrijving": "https://selectielijst.openzaak.nl/api/v1/resultaattypeomschrijvingen/f7d2dc14-1b71-4179-aed3-4e7abcfbeb0d", "omschrijving_generiek": "Verleend", "selectielijstklasse": "https://selectielijst.openzaak.nl/api/v1/resultaten/2e0ff361-8887-44ed-a3fb-218c5645c2c3", "toelichting": "", "archiefnominatie": "blijvend_bewaren", "archiefactietermijn": null, "brondatum_archiefprocedure": {"afleidingswijze": "afgehandeld", "datumkenmerk": "", "einddatum_bekend": false, "objecttype": "", "registratie": "", "procestermijn": null}}, {"url": "http://open-zaak.dev:8000/catalogi/api/v1/resultaattypen/e7278cfa-c18e-4e8d-a7e7-6f57f75c4bbb", "zaaktype": "http://open-zaak.dev:8000/catalogi/api/v1/zaaktypen/dab6cc7f-7fc9-41c5-bdd0-b29060c12047", "omschrijving": "Geleverd voor 5 jaar", "resultaattypeomschrijving": "https://selectielijst.openzaak.nl/api/v1/resultaattypeomschrijvingen/f33dbd16-68ae-4820-acb5-5f437bca5edb", "omschrijving_generiek": "Verwerkt", "selectielijstklasse": "https://selectielijst.openzaak.nl/api/v1/resultaten/b3e2368f-65c7-4764-b7bf-f0d025c7609b", "toelichting": "", "archiefnominatie": "vernietigen", "archiefactietermijn": "P2191D", "brondatum_archiefprocedure": {"afleidingswijze": "hoofdzaak", "datumkenmerk": "", "einddatum_bekend": false, "objecttype": "", "registratie": "", "procestermijn": null}}, {"url": "http://open-zaak.dev:8000/catalogi/api/v1/resultaattypen/98ea811e-c42d-4def-9ff4-d113988b891a", "zaaktype": "http://open-zaak.dev:8000/catalogi/api/v1/zaaktypen/dab6cc7f-7fc9-41c5-bdd0-b29060c12047", "omschrijving": "Niet uitgereikt", "resultaattypeomschrijving": "https://selectielijst.openzaak.nl/api/v1/resultaattypeomschrijvingen/a6a0bd73-262a-401a-b629-9c4a908c69b5", "omschrijving_generiek": "Ingetrokken", "selectielijstklasse": "https://selectielijst.openzaak.nl/api/v1/resultaten/cf0c6097-dd84-4e01-8401-28403ab738b0", "toelichting": "", "archiefnominatie": "vernietigen", "archiefactietermijn": "P365D", "brondatum_archiefprocedure": {"afleidingswijze": "afgehandeld", "datumkenmerk": "", "einddatum_bekend": false, "objecttype": "", "registratie": "", "procestermijn": null}}, {"url": "http://open-zaak.dev:8000/catalogi/api/v1/resultaattypen/07d3f480-9a19-4e5b-86f7-bb12da1a4941", "zaaktype": "http://open-zaak.dev:8000/catalogi/api/v1/zaaktypen/dab6cc7f-7fc9-41c5-bdd0-b29060c12047", "omschrijving": "Uitgereikt", "resultaattypeomschrijving": "https://selectielijst.openzaak.nl/api/v1/resultaattypeomschrijvingen/f33dbd16-68ae-4820-acb5-5f437bca5edb", "omschrijving_generiek": "Verwerkt", "selectielijstklasse": "https://selectielijst.openzaak.nl/api/v1/resultaten/b3e2368f-65c7-4764-b7bf-f0d025c7609b", "toelichting": "", "archiefnominatie": "vernietigen", "archiefactietermijn": "P4018D", "brondatum_archiefprocedure": {"afleidingswijze": "hoofdzaak", "datumkenmerk": "", "einddatum_bekend": false, "objecttype": "", "registratie": "", "procestermijn": null}}, {"url": "http://open-zaak.dev:8000/catalogi/api/v1/resultaattypen/d9c9cec4-e688-41da-9f87-3f7d10b2dfa0", "zaaktype": "http://open-zaak.dev:8000/catalogi/api/v1/zaaktypen/18780a2f-2737-48ce-9db6-f3ebc1e58195", "omschrijving": "Buiten behandeling g", "resultaattypeomschrijving": "https://selectielijst.openzaak.nl/api/v1/resultaattypeomschrijvingen/9c180d8b-2dd7-4a6f-89fa-7ba4d2f0cd8d", "omschrijving_generiek": "Niet vastgesteld", "selectielijstklasse": "https://selectielijst.openzaak.nl/api/v1/resultaten/51968c23-bde6-46a3-8b44-6551b776400c", "toelichting": "", "archiefnominatie": "vernietigen", "archiefactietermijn": "P1826D", "brondatum_archiefprocedure": {"afleidingswijze": "afgehandeld", "datumkenmerk": "", "einddatum_bekend": false, "objecttype": "", "registratie": "", "procestermijn": null}}, {"url": "http://open-zaak.dev:8000/catalogi/api/v1/resultaattypen/a4856564-9ac5-4798-9638-cfac19baf3eb", "zaaktype": "http://open-zaak.dev:8000/catalogi/api/v1/zaaktypen/29588829-5f1f-4643-bcbb-898e02aa4195", "omschrijving": "Verleend", "resultaattypeomschrijving": "https://selectielijst.openzaak.nl/api/v1/resultaattypeomschrijvingen/ce8cf476-0b59-496f-8eee-957a7c6e2506", "omschrijving_generiek": "Afgebroken", "selectielijstklasse": "https://selectielijst.openzaak.nl/api/v1/resultaten/2e0ff361-8887-44ed-a3fb-218c5645c2c3", "toelichting": "", "archiefnominatie": "blijvend_bewaren", "archiefactietermijn": null, "brondatum_archiefprocedure": {"afleidingswijze": "afgehandeld", "datumkenmerk": "", "einddatum_bekend": false, "objecttype": "", "registratie": "", "procestermijn": null}}, {"url": "http://open-zaak.dev:8000/catalogi/api/v1/resultaattypen/8cefdcf9-36d9-4489-99e0-01ce6da84341", "zaaktype": "http://open-zaak.dev:8000/catalogi/api/v1/zaaktypen/43d4d83b-71ae-4bb7-8845-712f8f32cb1e", "omschrijving": "Afgebroken", "resultaattypeomschrijving": "https://selectielijst.openzaak.nl/api/v1/resultaattypeomschrijvingen/ce8cf476-0b59-496f-8eee-957a7c6e2506", "omschrijving_generiek": "Afgebroken", "selectielijstklasse": "https://selectielijst.openzaak.nl/api/v1/resultaten/6b2e6d05-5eab-4655-bcda-e6f3258e6e85", "toelichting": "", "archiefnominatie": "vernietigen", "archiefactietermijn": "P42D", "brondatum_archiefprocedure": {"afleidingswijze": "afgehandeld", "datumkenmerk": "", "einddatum_bekend": false, "objecttype": "", "registratie": "", "procestermijn": null}}, {"url": "http://open-zaak.dev:8000/catalogi/api/v1/resultaattypen/194a9031-cb22-4fa8-8fa5-50a02c74bce4", "zaaktype": "http://open-zaak.dev:8000/catalogi/api/v1/zaaktypen/43d4d83b-71ae-4bb7-8845-712f8f32cb1e", "omschrijving": "Geweigerd", "resultaattypeomschrijving": "https://selectielijst.openzaak.nl/api/v1/resultaattypeomschrijvingen/1f750958-431c-4916-bc01-af5d3a753b41", "omschrijving_generiek": "Geweigerd", "selectielijstklasse": "https://selectielijst.openzaak.nl/api/v1/resultaten/51968c23-bde6-46a3-8b44-6551b776400c", "toelichting": "", "archiefnominatie": "vernietigen", "archiefactietermijn": "P1826D", "brondatum_archiefprocedure": {"afleidingswijze": "afgehandeld", "datumkenmerk": "", "einddatum_bekend": false, "objecttype": "", "registratie": "", "procestermijn": null}}, {"url": "http://open-zaak.dev:8000/catalogi/api/v1/resultaattypen/5bd1d4a0-ca67-40cc-8b2e-b063c5e48a1d", "zaaktype": "http://open-zaak.dev:8000/catalogi/api/v1/zaaktypen/18780a2f-2737-48ce-9db6-f3ebc1e58195", "omschrijving": "Afgebroken", "resultaattypeomschrijving": "https://selectielijst.openzaak.nl/api/v1/resultaattypeomschrijvingen/ce8cf476-0b59-496f-8eee-957a7c6e2506", "omschrijving_generiek": "Afgebroken", "selectielijstklasse": "https://selectielijst.openzaak.nl/api/v1/resultaten/6b2e6d05-5eab-4655-bcda-e6f3258e6e85", "toelichting": "", "archiefnominatie": "vernietigen", "archiefactietermijn": "P42D", "brondatum_archiefprocedure": {"afleidingswijze": "afgehandeld", "datumkenmerk": "", "einddatum_bekend": false, "objecttype": "", "registratie": "", "procestermijn": null}}, {"url": "http://open-zaak.dev:8000/catalogi/api/v1/resultaattypen/a29c9ee3-2b8d-4e3f-8539-7374a029cd09", "zaaktype": "http://open-zaak.dev:8000/catalogi/api/v1/zaaktypen/18780a2f-2737-48ce-9db6-f3ebc1e58195", "omschrijving": "Afgehandeld", "resultaattypeomschrijving": "https://selectielijst.openzaak.nl/api/v1/resultaattypeomschrijvingen/7cb315fb-4f7b-4a43-aca1-e4522e4c73b3", "omschrijving_generiek": "Afgehandeld", "selectielijstklasse": "https://selectielijst.openzaak.nl/api/v1/resultaten/e0e60015-84c5-4001-a8a0-1f3a87de0cfd", "toelichting": "", "archiefnominatie": "vernietigen", "archiefactietermijn": "P5479D", "brondatum_archiefprocedure": {"afleidingswijze": "afgehandeld", "datumkenmerk": "", "einddatum_bekend": false, "objecttype": "", "registratie": "", "procestermijn": null}}, {"url": "http://open-zaak.dev:8000/catalogi/api/v1/resultaattypen/72af2192-1be2-4c1d-a15d-cc6a382e6eff", "zaaktype": "http://open-zaak.dev:8000/catalogi/api/v1/zaaktypen/18780a2f-2737-48ce-9db6-f3ebc1e58195", "omschrijving": "Geweigerd", "resultaattypeomschrijving": "https://selectielijst.openzaak.nl/api/v1/resultaattypeomschrijvingen/1f750958-431c-4916-bc01-af5d3a753b41", "omschrijving_generiek": "Geweigerd", "selectielijstklasse": "https://selectielijst.openzaak.nl/api/v1/resultaten/51968c23-bde6-46a3-8b44-6551b776400c", "toelichting": "", "archiefnominatie": "vernietigen", "archiefactietermijn": "P1826D", "brondatum_archiefprocedure": {"afleidingswijze": "afgehandeld", "datumkenmerk": "", "einddatum_bekend": false, "objecttype": "", "registratie": "", "procestermijn": null}}, {"url": "http://open-zaak.dev:8000/catalogi/api/v1/resultaattypen/60e370f7-b62c-487b-a0fa-adedad73d3dd", "zaaktype": "http://open-zaak.dev:8000/catalogi/api/v1/zaaktypen/ebeadf43-38ec-496e-8281-1b6233f6a385", "omschrijving": "Buiten behandeling g", "resultaattypeomschrijving": "https://selectielijst.openzaak.nl/api/v1/resultaattypeomschrijvingen/9c180d8b-2dd7-4a6f-89fa-7ba4d2f0cd8d", "omschrijving_generiek": "Niet vastgesteld", "selectielijstklasse": "https://selectielijst.openzaak.nl/api/v1/resultaten/51968c23-bde6-46a3-8b44-6551b776400c", "toelichting": "", "archiefnominatie": "vernietigen", "archiefactietermijn": "P1826D", "brondatum_archiefprocedure": {"afleidingswijze": "afgehandeld", "datumkenmerk": "", "einddatum_bekend": false, "objecttype": "", "registratie": "", "procestermijn": null}}, {"url": "http://open-zaak.dev:8000/catalogi/api/v1/resultaattypen/092e3c6b-a582-4e4a-803c-d3c2da5dbcf9", "zaaktype": "http://open-zaak.dev:8000/catalogi/api/v1/zaaktypen/ebeadf43-38ec-496e-8281-1b6233f6a385", "omschrijving": "Afgebroken", "resultaattypeomschrijving": "https://selectielijst.openzaak.nl/api/v1/resultaattypeomschrijvingen/ce8cf476-0b59-496f-8eee-957a7c6e2506", "omschrijving_generiek": "Afgebroken", "selectielijstklasse": "https://selectielijst.openzaak.nl/api/v1/resultaten/6b2e6d05-5eab-4655-bcda-e6f3258e6e85", "toelichting": "", "archiefnominatie": "vernietigen", "archiefactietermijn": "P42D", "brondatum_archiefprocedure": {"afleidingswijze": "afgehandeld", "datumkenmerk": "", "einddatum_bekend": false, "objecttype": "", "registratie": "", "procestermijn": null}}, {"url": "http://open-zaak.dev:8000/catalogi/api/v1/resultaattypen/1942db93-bff0-4594-8839-9fcc7ab74364", "zaaktype": "http://open-zaak.dev:8000/catalogi/api/v1/zaaktypen/ebeadf43-38ec-496e-8281-1b6233f6a385", "omschrijving": "Geweigerd", "resultaattypeomschrijving": "https://selectielijst.openzaak.nl/api/v1/resultaattypeomschrijvingen/1f750958-431c-4916-bc01-af5d3a753b41", "omschrijving_generiek": "Geweigerd", "selectielijstklasse": "https://selectielijst.openzaak.nl/api/v1/resultaten/51968c23-bde6-46a3-8b44-6551b776400c", "toelichting": "", "archiefnominatie": "vernietigen", "archiefactietermijn": "P1826D", "brondatum_archiefprocedure": {"afleidingswijze": "afgehandeld", "datumkenmerk": "", "einddatum_bekend": false, "objecttype": "", "registratie": "", "procestermijn": null}}, {"url": "http://open-zaak.dev:8000/catalogi/api/v1/resultaattypen/8dafd939-058a-4bf2-8504-758a21e2eec6", "zaaktype": "http://open-zaak.dev:8000/catalogi/api/v1/zaaktypen/b0e04d66-0c0d-44fb-9752-9af03b7aae37", "omschrijving": "Afgebroken", "resultaattypeomschrijving": "https://selectielijst.openzaak.nl/api/v1/resultaattypeomschrijvingen/ce8cf476-0b59-496f-8eee-957a7c6e2506", "omschrijving_generiek": "Afgebroken", "selectielijstklasse": "https://selectielijst.openzaak.nl/api/v1/resultaten/6b2e6d05-5eab-4655-bcda-e6f3258e6e85", "toelichting": "", "archiefnominatie": "vernietigen", "archiefactietermijn": "P42D", "brondatum_archiefprocedure": {"afleidingswijze": "afgehandeld", "datumkenmerk": "", "einddatum_bekend": false, "objecttype": "", "registratie": "", "procestermijn": null}}, {"url": "http://open-zaak.dev:8000/catalogi/api/v1/resultaattypen/1f0840f1-d57b-40c7-acc3-b2e3fa04e53f", "zaaktype": "http://open-zaak.dev:8000/catalogi/api/v1/zaaktypen/b0e04d66-0c0d-44fb-9752-9af03b7aae37", "omschrijving": "Afgehandeld", "resultaattypeomschrijving": "https://selectielijst.openzaak.nl/api/v1/resultaattypeomschrijvingen/7cb315fb-4f7b-4a43-aca1-e4522e4c73b3", "omschrijving_generiek": "Afgehandeld", "selectielijstklasse": "https://selectielijst.openzaak.nl/api/v1/resultaten/dbd1fcc9-a420-4b2c-8bbe-21c11781435d", "toelichting": "", "archiefnominatie": "vernietigen", "archiefactietermijn": "P7305D", "brondatum_archiefprocedure": {"afleidingswijze": "afgehandeld", "datumkenmerk": "", "einddatum_bekend": false, "objecttype": "", "registratie": "", "procestermijn": null}}, {"url": "http://open-zaak.dev:8000/catalogi/api/v1/resultaattypen/03e68866-c34f-4c4c-b294-698c18326a80", "zaaktype": "http://open-zaak.dev:8000/catalogi/api/v1/zaaktypen/43d4d83b-71ae-4bb7-8845-712f8f32cb1e", "omschrijving": "Afgehandeld", "resultaattypeomschrijving": "https://selectielijst.openzaak.nl/api/v1/resultaattypeomschrijvingen/7cb315fb-4f7b-4a43-aca1-e4522e4c73b3", "omschrijving_generiek": "Afgehandeld", "selectielijstklasse": "https://selectielijst.openzaak.nl/api/v1/resultaten/e0e60015-84c5-4001-a8a0-1f3a87de0cfd", "toelichting": "", "archiefnominatie": "vernietigen", "archiefactietermijn": "P5479D", "brondatum_archiefprocedure": {"afleidingswijze": "afgehandeld", "datumkenmerk": "", "einddatum_bekend": false, "objecttype": "", "registratie": "", "procestermijn": null}}, {"url": "http://open-zaak.dev:8000/catalogi/api/v1/resultaattypen/e60e8dbe-9969-4c48-8c18-2acad05f6a2f", "zaaktype": "http://open-zaak.dev:8000/catalogi/api/v1/zaaktypen/43d4d83b-71ae-4bb7-8845-712f8f32cb1e", "omschrijving": "Buiten behandeling g", "resultaattypeomschrijving": "https://selectielijst.openzaak.nl/api/v1/resultaattypeomschrijvingen/9c180d8b-2dd7-4a6f-89fa-7ba4d2f0cd8d", "omschrijving_generiek": "Niet vastgesteld", "selectielijstklasse": "https://selectielijst.openzaak.nl/api/v1/resultaten/51968c23-bde6-46a3-8b44-6551b776400c", "toelichting": "", "archiefnominatie": "vernietigen", "archiefactietermijn": "P1826D", "brondatum_archiefprocedure": {"afleidingswijze": "afgehandeld", "datumkenmerk": "", "einddatum_bekend": false, "objecttype": "", "registratie": "", "procestermijn": null}}]