[{"url": "http://open-zaak.dev:8000/catalogi/api/v1/roltypen/797a62d5-7bea-474d-a952-ffaf772e0ad1", "zaaktype": "http://open-zaak.dev:8000/catalogi/api/v1/zaaktypen/43d4d83b-71ae-4bb7-8845-712f8f32cb1e", "omschrijving": "Verantwoordelijke", "omschrijving_generiek": "beslisser"}, {"url": "http://open-zaak.dev:8000/catalogi/api/v1/roltypen/1f956213-cf73-46f2-b47f-92a949270f88", "zaaktype": "http://open-zaak.dev:8000/catalogi/api/v1/zaaktypen/18780a2f-2737-48ce-9db6-f3ebc1e58195", "omschrijving": "Belanghebbende", "omschrijving_generiek": "belanghebbende"}, {"url": "http://open-zaak.dev:8000/catalogi/api/v1/roltypen/d03fbf9e-62c8-4a38-91a7-6e89efc1fdd7", "zaaktype": "http://open-zaak.dev:8000/catalogi/api/v1/zaaktypen/18780a2f-2737-48ce-9db6-f3ebc1e58195", "omschrijving": "BetrekkingOp", "omschrijving_generiek": "belanghebbende"}, {"url": "http://open-zaak.dev:8000/catalogi/api/v1/roltypen/5e9a1cb9-5f2c-4858-a169-a6925b62b632", "zaaktype": "http://open-zaak.dev:8000/catalogi/api/v1/zaaktypen/18780a2f-2737-48ce-9db6-f3ebc1e58195", "omschrijving": "Initiator", "omschrijving_generiek": "initiator"}, {"url": "http://open-zaak.dev:8000/catalogi/api/v1/roltypen/b9554da9-c705-4071-a28d-837ddfe820d5", "zaaktype": "http://open-zaak.dev:8000/catalogi/api/v1/zaaktypen/0063833d-55f4-4c7e-a1c8-71549ec320df", "omschrijving": "Initiator", "omschrijving_generiek": "initiator"}, {"url": "http://open-zaak.dev:8000/catalogi/api/v1/roltypen/24310c37-de07-4f55-a938-b94c4ecf3285", "zaaktype": "http://open-zaak.dev:8000/catalogi/api/v1/zaaktypen/3cac4cad-48d2-4271-8901-c1911f7b6fa4", "omschrijving": "Uitvoerende", "omschrijving_generiek": "belanghebbende"}, {"url": "http://open-zaak.dev:8000/catalogi/api/v1/roltypen/95b6e20a-2a8e-4812-b678-05ac22891dbf", "zaaktype": "http://open-zaak.dev:8000/catalogi/api/v1/zaaktypen/3cac4cad-48d2-4271-8901-c1911f7b6fa4", "omschrijving": "Initiator", "omschrijving_generiek": "initiator"}, {"url": "http://open-zaak.dev:8000/catalogi/api/v1/roltypen/79579509-6ee4-45c9-bd9a-bb390b17a30d", "zaaktype": "http://open-zaak.dev:8000/catalogi/api/v1/zaaktypen/3cac4cad-48d2-4271-8901-c1911f7b6fa4", "omschrijving": "BetrekkingOp", "omschrijving_generiek": "belanghebbende"}, {"url": "http://open-zaak.dev:8000/catalogi/api/v1/roltypen/709d6537-b7d5-416d-b5fb-a6b231832cc3", "zaaktype": "http://open-zaak.dev:8000/catalogi/api/v1/zaaktypen/3cac4cad-48d2-4271-8901-c1911f7b6fa4", "omschrijving": "Verantwoordelijke", "omschrijving_generiek": "beslisser"}, {"url": "http://open-zaak.dev:8000/catalogi/api/v1/roltypen/e6e2256e-b4c3-424f-bf41-fa3382a77d95", "zaaktype": "http://open-zaak.dev:8000/catalogi/api/v1/zaaktypen/3cac4cad-48d2-4271-8901-c1911f7b6fa4", "omschrijving": "Belanghebbende", "omschrijving_generiek": "belanghebbende"}, {"url": "http://open-zaak.dev:8000/catalogi/api/v1/roltypen/7c92d4c1-ee47-4cd2-9195-54240a8db187", "zaaktype": "http://open-zaak.dev:8000/catalogi/api/v1/zaaktypen/29588829-5f1f-4643-bcbb-898e02aa4195", "omschrijving": "Behandelaar", "omschrijving_generiek": "behandelaar"}, {"url": "http://open-zaak.dev:8000/catalogi/api/v1/roltypen/1f36ad4f-e2f9-4933-b503-5e682f9215f8", "zaaktype": "http://open-zaak.dev:8000/catalogi/api/v1/zaaktypen/18780a2f-2737-48ce-9db6-f3ebc1e58195", "omschrijving": "Uitvoerende", "omschrijving_generiek": "behandelaar"}, {"url": "http://open-zaak.dev:8000/catalogi/api/v1/roltypen/4a92a278-0f57-477c-ab31-34ba774823f2", "zaaktype": "http://open-zaak.dev:8000/catalogi/api/v1/zaaktypen/29588829-5f1f-4643-bcbb-898e02aa4195", "omschrijving": "Initiator", "omschrijving_generiek": "initiator"}, {"url": "http://open-zaak.dev:8000/catalogi/api/v1/roltypen/5988060a-afb6-412a-9dad-fe5829c89951", "zaaktype": "http://open-zaak.dev:8000/catalogi/api/v1/zaaktypen/18780a2f-2737-48ce-9db6-f3ebc1e58195", "omschrijving": "Verantwoordelijke", "omschrijving_generiek": "beslisser"}, {"url": "http://open-zaak.dev:8000/catalogi/api/v1/roltypen/b6c078cc-0515-4716-83e9-758211b6819e", "zaaktype": "http://open-zaak.dev:8000/catalogi/api/v1/zaaktypen/ebeadf43-38ec-496e-8281-1b6233f6a385", "omschrijving": "Verantwoordelijke", "omschrijving_generiek": "beslisser"}, {"url": "http://open-zaak.dev:8000/catalogi/api/v1/roltypen/ad2998bc-08fa-419d-810c-9fb86094385e", "zaaktype": "http://open-zaak.dev:8000/catalogi/api/v1/zaaktypen/ebeadf43-38ec-496e-8281-1b6233f6a385", "omschrijving": "Uitvoerende", "omschrijving_generiek": "behandelaar"}, {"url": "http://open-zaak.dev:8000/catalogi/api/v1/roltypen/526b07f9-087b-4b4c-8c65-c35f073ed866", "zaaktype": "http://open-zaak.dev:8000/catalogi/api/v1/zaaktypen/ebeadf43-38ec-496e-8281-1b6233f6a385", "omschrijving": "Initiator", "omschrijving_generiek": "initiator"}, {"url": "http://open-zaak.dev:8000/catalogi/api/v1/roltypen/6d433775-b726-4504-98a7-a6822fef6832", "zaaktype": "http://open-zaak.dev:8000/catalogi/api/v1/zaaktypen/ebeadf43-38ec-496e-8281-1b6233f6a385", "omschrijving": "BetrekkingOp", "omschrijving_generiek": "belanghebbende"}, {"url": "http://open-zaak.dev:8000/catalogi/api/v1/roltypen/ed3181d3-2dc5-4548-8583-006a00ea85ce", "zaaktype": "http://open-zaak.dev:8000/catalogi/api/v1/zaaktypen/ebeadf43-38ec-496e-8281-1b6233f6a385", "omschrijving": "Belanghebbende", "omschrijving_generiek": "belanghebbende"}, {"url": "http://open-zaak.dev:8000/catalogi/api/v1/roltypen/d79c9d56-9cad-4d6a-a9da-eebdbac73491", "zaaktype": "http://open-zaak.dev:8000/catalogi/api/v1/zaaktypen/b0e04d66-0c0d-44fb-9752-9af03b7aae37", "omschrijving": "BetrekkingOp", "omschrijving_generiek": "belanghebbende"}, {"url": "http://open-zaak.dev:8000/catalogi/api/v1/roltypen/8c4cce55-f504-43a4-bfbf-d281310eaea0", "zaaktype": "http://open-zaak.dev:8000/catalogi/api/v1/zaaktypen/b0e04d66-0c0d-44fb-9752-9af03b7aae37", "omschrijving": "Initiator", "omschrijving_generiek": "initiator"}, {"url": "http://open-zaak.dev:8000/catalogi/api/v1/roltypen/3cb34f82-11b4-4c9f-9c52-c6a7bb9c60e3", "zaaktype": "http://open-zaak.dev:8000/catalogi/api/v1/zaaktypen/b0e04d66-0c0d-44fb-9752-9af03b7aae37", "omschrijving": "Uitvoerende", "omschrijving_generiek": "behandelaar"}, {"url": "http://open-zaak.dev:8000/catalogi/api/v1/roltypen/e82fe02b-8956-498c-b694-f7391abf9cf4", "zaaktype": "http://open-zaak.dev:8000/catalogi/api/v1/zaaktypen/29588829-5f1f-4643-bcbb-898e02aa4195", "omschrijving": "Belanghebbende", "omschrijving_generiek": "belanghebbende"}, {"url": "http://open-zaak.dev:8000/catalogi/api/v1/roltypen/ab7cb0d6-0171-456d-be25-429449bf69c6", "zaaktype": "http://open-zaak.dev:8000/catalogi/api/v1/zaaktypen/b0e04d66-0c0d-44fb-9752-9af03b7aae37", "omschrijving": "Verantwoordelijke", "omschrijving_generiek": "beslisser"}, {"url": "http://open-zaak.dev:8000/catalogi/api/v1/roltypen/70e51013-9800-49ac-b474-87fb56f1d60b", "zaaktype": "http://open-zaak.dev:8000/catalogi/api/v1/zaaktypen/39be945d-e223-4b53-9a9a-89bb5bfde185", "omschrijving": "BetrekkingOp", "omschrijving_generiek": "belanghebbende"}, {"url": "http://open-zaak.dev:8000/catalogi/api/v1/roltypen/8060ec7e-4771-432f-be37-cc456a9ee1b5", "zaaktype": "http://open-zaak.dev:8000/catalogi/api/v1/zaaktypen/b0e04d66-0c0d-44fb-9752-9af03b7aae37", "omschrijving": "Belanghebbende", "omschrijving_generiek": "belanghebbende"}, {"url": "http://open-zaak.dev:8000/catalogi/api/v1/roltypen/5c5a4f24-cc3a-4575-baa8-1310a655633f", "zaaktype": "http://open-zaak.dev:8000/catalogi/api/v1/zaaktypen/39be945d-e223-4b53-9a9a-89bb5bfde185", "omschrijving": "Belanghebbende", "omschrijving_generiek": "belanghebbende"}, {"url": "http://open-zaak.dev:8000/catalogi/api/v1/roltypen/11e319cf-2c89-4230-8746-eee4fc3bb48c", "zaaktype": "http://open-zaak.dev:8000/catalogi/api/v1/zaaktypen/dab6cc7f-7fc9-41c5-bdd0-b29060c12047", "omschrijving": "Initiator", "omschrijving_generiek": "initiator"}, {"url": "http://open-zaak.dev:8000/catalogi/api/v1/roltypen/85165d78-3fd7-42f5-aa9c-89bc813e85f3", "zaaktype": "http://open-zaak.dev:8000/catalogi/api/v1/zaaktypen/39be945d-e223-4b53-9a9a-89bb5bfde185", "omschrijving": "Uitvoerende", "omschrijving_generiek": "behandelaar"}, {"url": "http://open-zaak.dev:8000/catalogi/api/v1/roltypen/8f9c48f2-86a4-4803-a809-3a086e1b34ea", "zaaktype": "http://open-zaak.dev:8000/catalogi/api/v1/zaaktypen/dab6cc7f-7fc9-41c5-bdd0-b29060c12047", "omschrijving": "Uitvoerende", "omschrijving_generiek": "behandelaar"}, {"url": "http://open-zaak.dev:8000/catalogi/api/v1/roltypen/a5220203-882a-443d-bc29-1b5ed701efa3", "zaaktype": "http://open-zaak.dev:8000/catalogi/api/v1/zaaktypen/e99dcae3-5e8c-4aae-9152-d3cbfeebb430", "omschrijving": "Behandelaar", "omschrijving_generiek": "behandelaar"}, {"url": "http://open-zaak.dev:8000/catalogi/api/v1/roltypen/94f9a4c2-fb71-4fe2-9b5d-b20103119b13", "zaaktype": "http://open-zaak.dev:8000/catalogi/api/v1/zaaktypen/39be945d-e223-4b53-9a9a-89bb5bfde185", "omschrijving": "Verantwoordelijke", "omschrijving_generiek": "beslisser"}, {"url": "http://open-zaak.dev:8000/catalogi/api/v1/roltypen/cdc14f0b-5c27-4d70-9e5b-67cfa7211e6b", "zaaktype": "http://open-zaak.dev:8000/catalogi/api/v1/zaaktypen/e99dcae3-5e8c-4aae-9152-d3cbfeebb430", "omschrijving": "Initiator", "omschrijving_generiek": "initiator"}, {"url": "http://open-zaak.dev:8000/catalogi/api/v1/roltypen/e615c5f4-c408-4724-8732-ad67b7be75c8", "zaaktype": "http://open-zaak.dev:8000/catalogi/api/v1/zaaktypen/0063833d-55f4-4c7e-a1c8-71549ec320df", "omschrijving": "Uitvoerende", "omschrijving_generiek": "behandelaar"}, {"url": "http://open-zaak.dev:8000/catalogi/api/v1/roltypen/f1be8476-fb54-45e5-9126-02c8e331c948", "zaaktype": "http://open-zaak.dev:8000/catalogi/api/v1/zaaktypen/39be945d-e223-4b53-9a9a-89bb5bfde185", "omschrijving": "Gemachtigde", "omschrijving_generiek": "beslisser"}, {"url": "http://open-zaak.dev:8000/catalogi/api/v1/roltypen/12f0b398-fd2c-40ba-9d70-9cdc6310d3c6", "zaaktype": "http://open-zaak.dev:8000/catalogi/api/v1/zaaktypen/39be945d-e223-4b53-9a9a-89bb5bfde185", "omschrijving": "OverigeBetrokkene", "omschrijving_generiek": "behandelaar"}, {"url": "http://open-zaak.dev:8000/catalogi/api/v1/roltypen/7188d6b6-40e2-42cf-83e8-c358d21ef118", "zaaktype": "http://open-zaak.dev:8000/catalogi/api/v1/zaaktypen/39be945d-e223-4b53-9a9a-89bb5bfde185", "omschrijving": "Initiator", "omschrijving_generiek": "initiator"}, {"url": "http://open-zaak.dev:8000/catalogi/api/v1/roltypen/2e69d52b-8dd7-480a-bb1e-81e5116010cb", "zaaktype": "http://open-zaak.dev:8000/catalogi/api/v1/zaaktypen/43d4d83b-71ae-4bb7-8845-712f8f32cb1e", "omschrijving": "Belanghebbende", "omschrijving_generiek": "belanghebbende"}, {"url": "http://open-zaak.dev:8000/catalogi/api/v1/roltypen/47d6018e-e985-44f5-805c-a588acd7fd63", "zaaktype": "http://open-zaak.dev:8000/catalogi/api/v1/zaaktypen/43d4d83b-71ae-4bb7-8845-712f8f32cb1e", "omschrijving": "BetrekkingOp", "omschrijving_generiek": "belanghebbende"}, {"url": "http://open-zaak.dev:8000/catalogi/api/v1/roltypen/6b05207c-9bf2-408c-9423-95779ecd6997", "zaaktype": "http://open-zaak.dev:8000/catalogi/api/v1/zaaktypen/43d4d83b-71ae-4bb7-8845-712f8f32cb1e", "omschrijving": "Initiator", "omschrijving_generiek": "initiator"}, {"url": "http://open-zaak.dev:8000/catalogi/api/v1/roltypen/50d83123-d15d-4a08-974e-0068db7ca318", "zaaktype": "http://open-zaak.dev:8000/catalogi/api/v1/zaaktypen/43d4d83b-71ae-4bb7-8845-712f8f32cb1e", "omschrijving": "Uitvoerende", "omschrijving_generiek": "behandelaar"}, {"url": "http://open-zaak.dev:8000/catalogi/api/v1/roltypen/6bac58f0-6882-43fd-9a7b-e879af0d4388", "zaaktype": "http://open-zaak.dev:8000/catalogi/api/v1/zaaktypen/e99dcae3-5e8c-4aae-9152-d3cbfeebb430", "omschrijving": "Uitvoerende", "omschrijving_generiek": "beslisser"}]