[{"url": "http://open-zaak.dev:8000/catalogi/api/v1/statustypen/b4949599-6311-4f2e-9357-58c9c11578de", "omschrijving": "Afgehandeld", "omschrijving_generiek": "Afgehandeld", "statustekst": "", "zaaktype": "http://open-zaak.dev:8000/catalogi/api/v1/zaaktypen/dab6cc7f-7fc9-41c5-bdd0-b29060c12047", "volgnummer": 8, "is_eindstatus": true, "informeren": false}, {"url": "http://open-zaak.dev:8000/catalogi/api/v1/statustypen/2d40cbf6-3475-4b15-b5ad-25b29e3c04dd", "omschrijving": "Gereed om af te halen op locatie Bolsward", "omschrijving_generiek": "Gereed om af te halen op locatie Bolsward", "statustekst": "", "zaaktype": "http://open-zaak.dev:8000/catalogi/api/v1/zaaktypen/dab6cc7f-7fc9-41c5-bdd0-b29060c12047", "volgnummer": 7, "is_eindstatus": false, "informeren": false}, {"url": "http://open-zaak.dev:8000/catalogi/api/v1/statustypen/a784242a-5b0f-48b5-b092-b75b8142b255", "omschrijving": "Gereed om af te halen op locatie Sneek", "omschrijving_generiek": "Gereed om af te halen op locatie Sneek", "statustekst": "", "zaaktype": "http://open-zaak.dev:8000/catalogi/api/v1/zaaktypen/dab6cc7f-7fc9-41c5-bdd0-b29060c12047", "volgnummer": 6, "is_eindstatus": false, "informeren": false}, {"url": "http://open-zaak.dev:8000/catalogi/api/v1/statustypen/fa4aca91-4509-4365-8dcc-b0f929f1eb13", "omschrijving": "Rijbewijs in productie", "omschrijving_generiek": "Rijbewijs in productie", "statustekst": "", "zaaktype": "http://open-zaak.dev:8000/catalogi/api/v1/zaaktypen/dab6cc7f-7fc9-41c5-bdd0-b29060c12047", "volgnummer": 5, "is_eindstatus": false, "informeren": false}, {"url": "http://open-zaak.dev:8000/catalogi/api/v1/statustypen/d364a274-b72d-40f6-9cb9-7f74972d6de9", "omschrijving": "Aanvraag in behandeling genomen bij RDW", "omschrijving_generiek": "Aanvraag in behandeling genomen bij RDW", "statustekst": "", "zaaktype": "http://open-zaak.dev:8000/catalogi/api/v1/zaaktypen/dab6cc7f-7fc9-41c5-bdd0-b29060c12047", "volgnummer": 4, "is_eindstatus": false, "informeren": false}, {"url": "http://open-zaak.dev:8000/catalogi/api/v1/statustypen/d6483887-14a7-4ff1-a2a3-04f196c99d40", "omschrijving": "Geregistreerd door RDW", "omschrijving_generiek": "Geregistreerd door RDW", "statustekst": "", "zaaktype": "http://open-zaak.dev:8000/catalogi/api/v1/zaaktypen/dab6cc7f-7fc9-41c5-bdd0-b29060c12047", "volgnummer": 3, "is_eindstatus": false, "informeren": false}, {"url": "http://open-zaak.dev:8000/catalogi/api/v1/statustypen/5e2dcbac-39cf-452c-8da2-87474e5cf9b9", "omschrijving": "Aanvraag verstuurd naar RDW", "omschrijving_generiek": "Aanvraag verstuurd naar RDW", "statustekst": "", "zaaktype": "http://open-zaak.dev:8000/catalogi/api/v1/zaaktypen/dab6cc7f-7fc9-41c5-bdd0-b29060c12047", "volgnummer": 2, "is_eindstatus": false, "informeren": false}, {"url": "http://open-zaak.dev:8000/catalogi/api/v1/statustypen/44d00b5a-f3ed-4cba-8e0c-43325db65a28", "omschrijving": "Aanvraag in behandeling genomen", "omschrijving_generiek": "Aanvraag in behandeling genomen", "statustekst": "", "zaaktype": "http://open-zaak.dev:8000/catalogi/api/v1/zaaktypen/dab6cc7f-7fc9-41c5-bdd0-b29060c12047", "volgnummer": 1, "is_eindstatus": false, "informeren": false}, {"url": "http://open-zaak.dev:8000/catalogi/api/v1/statustypen/97cd59ad-0678-43a0-8c16-693235b13f16", "omschrijving": "Afgehandeld", "omschrijving_generiek": "Afgehandeld", "statustekst": "", "zaaktype": "http://open-zaak.dev:8000/catalogi/api/v1/zaaktypen/e99dcae3-5e8c-4aae-9152-d3cbfeebb430", "volgnummer": 5, "is_eindstatus": true, "informeren": false}, {"url": "http://open-zaak.dev:8000/catalogi/api/v1/statustypen/f3883ce8-cec5-4f2b-ad37-f83c93d4dfbc", "omschrijving": "Uitvoering afgerond", "omschrijving_generiek": "Uitvoering afgerond", "statustekst": "", "zaaktype": "http://open-zaak.dev:8000/catalogi/api/v1/zaaktypen/e99dcae3-5e8c-4aae-9152-d3cbfeebb430", "volgnummer": 4, "is_eindstatus": false, "informeren": false}, {"url": "http://open-zaak.dev:8000/catalogi/api/v1/statustypen/77e6348b-8cc2-464b-a123-6425ae801f45", "omschrijving": "In behandeling genomen", "omschrijving_generiek": "In behandeling genomen", "statustekst": "", "zaaktype": "http://open-zaak.dev:8000/catalogi/api/v1/zaaktypen/e99dcae3-5e8c-4aae-9152-d3cbfeebb430", "volgnummer": 3, "is_eindstatus": false, "informeren": false}, {"url": "http://open-zaak.dev:8000/catalogi/api/v1/statustypen/0486d191-f19f-46ba-88b1-b358ac180532", "omschrijving": "Geregistreerd", "omschrijving_generiek": "Geregistreerd", "statustekst": "", "zaaktype": "http://open-zaak.dev:8000/catalogi/api/v1/zaaktypen/e99dcae3-5e8c-4aae-9152-d3cbfeebb430", "volgnummer": 2, "is_eindstatus": false, "informeren": false}, {"url": "http://open-zaak.dev:8000/catalogi/api/v1/statustypen/362be5af-5eb5-4c3a-9f7c-7efa3b1c452d", "omschrijving": "Geaccepteerd", "omschrijving_generiek": "Geaccepteerd", "statustekst": "", "zaaktype": "http://open-zaak.dev:8000/catalogi/api/v1/zaaktypen/e99dcae3-5e8c-4aae-9152-d3cbfeebb430", "volgnummer": 1, "is_eindstatus": false, "informeren": false}, {"url": "http://open-zaak.dev:8000/catalogi/api/v1/statustypen/cbba0a41-6fdf-4a0c-a2ed-6c6f7962757e", "omschrijving": "Afgehandeld", "omschrijving_generiek": "Afgehandeld", "statustekst": "", "zaaktype": "http://open-zaak.dev:8000/catalogi/api/v1/zaaktypen/3cac4cad-48d2-4271-8901-c1911f7b6fa4", "volgnummer": 10, "is_eindstatus": true, "informeren": false}, {"url": "http://open-zaak.dev:8000/catalogi/api/v1/statustypen/ba16dd24-427a-48c8-89f8-efac3fe39400", "omschrijving": "Besluitvorming afgerond", "omschrijving_generiek": "Besluitvorming afgerond", "statustekst": "", "zaaktype": "http://open-zaak.dev:8000/catalogi/api/v1/zaaktypen/3cac4cad-48d2-4271-8901-c1911f7b6fa4", "volgnummer": 7, "is_eindstatus": false, "informeren": false}, {"url": "http://open-zaak.dev:8000/catalogi/api/v1/statustypen/e097e802-fd0a-4d34-a325-3748fe09374e", "omschrijving": "Voorstel voor besluitvorming opgesteld", "omschrijving_generiek": "Voorstel voor besluitvorming opgesteld", "statustekst": "", "zaaktype": "http://open-zaak.dev:8000/catalogi/api/v1/zaaktypen/3cac4cad-48d2-4271-8901-c1911f7b6fa4", "volgnummer": 6, "is_eindstatus": false, "informeren": false}, {"url": "http://open-zaak.dev:8000/catalogi/api/v1/statustypen/0e9e1262-62bd-4c4e-9dd2-1caac1b14fca", "omschrijving": "Onderzoek afgerond", "omschrijving_generiek": "Onderzoek afgerond", "statustekst": "", "zaaktype": "http://open-zaak.dev:8000/catalogi/api/v1/zaaktypen/3cac4cad-48d2-4271-8901-c1911f7b6fa4", "volgnummer": 5, "is_eindstatus": false, "informeren": false}, {"url": "http://open-zaak.dev:8000/catalogi/api/v1/statustypen/9e4e6818-464f-4a40-b427-52ae83f62905", "omschrijving": "In behandeling genomen", "omschrijving_generiek": "In behandeling genomen", "statustekst": "", "zaaktype": "http://open-zaak.dev:8000/catalogi/api/v1/zaaktypen/3cac4cad-48d2-4271-8901-c1911f7b6fa4", "volgnummer": 3, "is_eindstatus": false, "informeren": false}, {"url": "http://open-zaak.dev:8000/catalogi/api/v1/statustypen/af747726-835c-4c5b-9eb1-9f44961b9e3d", "omschrijving": "Geaccepteerd", "omschrijving_generiek": "Geaccepteerd", "statustekst": "", "zaaktype": "http://open-zaak.dev:8000/catalogi/api/v1/zaaktypen/3cac4cad-48d2-4271-8901-c1911f7b6fa4", "volgnummer": 2, "is_eindstatus": false, "informeren": false}, {"url": "http://open-zaak.dev:8000/catalogi/api/v1/statustypen/15e0f019-7c40-4f3d-80a0-4b50dac7f470", "omschrijving": "Ontvangen", "omschrijving_generiek": "Ontvangen", "statustekst": "", "zaaktype": "http://open-zaak.dev:8000/catalogi/api/v1/zaaktypen/3cac4cad-48d2-4271-8901-c1911f7b6fa4", "volgnummer": 1, "is_eindstatus": false, "informeren": false}, {"url": "http://open-zaak.dev:8000/catalogi/api/v1/statustypen/a0e4ae4f-0256-4fc4-abe2-ae71537ac14f", "omschrijving": "Afgehandeld", "omschrijving_generiek": "Afgehandeld", "statustekst": "", "zaaktype": "http://open-zaak.dev:8000/catalogi/api/v1/zaaktypen/39be945d-e223-4b53-9a9a-89bb5bfde185", "volgnummer": 4, "is_eindstatus": true, "informeren": false}, {"url": "http://open-zaak.dev:8000/catalogi/api/v1/statustypen/73b0dd8e-9c40-4993-ab14-57304360302f", "omschrijving": "Aanvullende gegevens opgevraagd", "omschrijving_generiek": "Advies ingewonnen", "statustekst": "", "zaaktype": "http://open-zaak.dev:8000/catalogi/api/v1/zaaktypen/39be945d-e223-4b53-9a9a-89bb5bfde185", "volgnummer": 3, "is_eindstatus": false, "informeren": false}, {"url": "http://open-zaak.dev:8000/catalogi/api/v1/statustypen/27e68e4a-2575-4113-abce-5617a190f5d3", "omschrijving": "In behandeling genomen", "omschrijving_generiek": "In behandeling genomen", "statustekst": "", "zaaktype": "http://open-zaak.dev:8000/catalogi/api/v1/zaaktypen/39be945d-e223-4b53-9a9a-89bb5bfde185", "volgnummer": 2, "is_eindstatus": false, "informeren": false}, {"url": "http://open-zaak.dev:8000/catalogi/api/v1/statustypen/0ba823b1-a7fd-469a-81ac-77209e9003e7", "omschrijving": "Geregistreerd", "omschrijving_generiek": "Ontvangen", "statustekst": "", "zaaktype": "http://open-zaak.dev:8000/catalogi/api/v1/zaaktypen/39be945d-e223-4b53-9a9a-89bb5bfde185", "volgnummer": 1, "is_eindstatus": false, "informeren": true}, {"url": "http://open-zaak.dev:8000/catalogi/api/v1/statustypen/b0023ced-63aa-4b86-b288-b448255f4275", "omschrijving": "Besluitvorming afgerond", "omschrijving_generiek": "Besluitvorming afgerond", "statustekst": "", "zaaktype": "http://open-zaak.dev:8000/catalogi/api/v1/zaaktypen/ebeadf43-38ec-496e-8281-1b6233f6a385", "volgnummer": 7, "is_eindstatus": true, "informeren": false}, {"url": "http://open-zaak.dev:8000/catalogi/api/v1/statustypen/b3e98bf9-0437-4e92-a9c8-8d940e4accc1", "omschrijving": "Uitvoering afgerond", "omschrijving_generiek": "Uitvoering afgerond", "statustekst": "", "zaaktype": "http://open-zaak.dev:8000/catalogi/api/v1/zaaktypen/ebeadf43-38ec-496e-8281-1b6233f6a385", "volgnummer": 6, "is_eindstatus": false, "informeren": false}, {"url": "http://open-zaak.dev:8000/catalogi/api/v1/statustypen/68454e26-660b-4bfd-b7cf-28a280e075d0", "omschrijving": "Onderzoek afgerond", "omschrijving_generiek": "Onderzoek afgerond", "statustekst": "", "zaaktype": "http://open-zaak.dev:8000/catalogi/api/v1/zaaktypen/ebeadf43-38ec-496e-8281-1b6233f6a385", "volgnummer": 5, "is_eindstatus": false, "informeren": false}, {"url": "http://open-zaak.dev:8000/catalogi/api/v1/statustypen/665738db-9294-47d9-940e-2c94d9dfdef6", "omschrijving": "In behandeling genomen", "omschrijving_generiek": "In behandeling genomen", "statustekst": "", "zaaktype": "http://open-zaak.dev:8000/catalogi/api/v1/zaaktypen/ebeadf43-38ec-496e-8281-1b6233f6a385", "volgnummer": 4, "is_eindstatus": false, "informeren": false}, {"url": "http://open-zaak.dev:8000/catalogi/api/v1/statustypen/c0ce72b6-b29e-4fbe-9f26-868d159d2fcd", "omschrijving": "Geregistreerd", "omschrijving_generiek": "Geregistreerd", "statustekst": "", "zaaktype": "http://open-zaak.dev:8000/catalogi/api/v1/zaaktypen/ebeadf43-38ec-496e-8281-1b6233f6a385", "volgnummer": 3, "is_eindstatus": false, "informeren": false}, {"url": "http://open-zaak.dev:8000/catalogi/api/v1/statustypen/d7ab425b-e41c-4c5a-8939-ce39d4bc264b", "omschrijving": "Geaccepteerd", "omschrijving_generiek": "Geaccepteerd", "statustekst": "", "zaaktype": "http://open-zaak.dev:8000/catalogi/api/v1/zaaktypen/ebeadf43-38ec-496e-8281-1b6233f6a385", "volgnummer": 2, "is_eindstatus": false, "informeren": false}, {"url": "http://open-zaak.dev:8000/catalogi/api/v1/statustypen/1d8bf728-6d49-44e5-ae0b-609e83ca2d45", "omschrijving": "Nieuw", "omschrijving_generiek": "Nieuw", "statustekst": "", "zaaktype": "http://open-zaak.dev:8000/catalogi/api/v1/zaaktypen/ebeadf43-38ec-496e-8281-1b6233f6a385", "volgnummer": 1, "is_eindstatus": false, "informeren": false}, {"url": "http://open-zaak.dev:8000/catalogi/api/v1/statustypen/c2f7ec66-6d43-45f0-b8c4-9886ea684041", "omschrijving": "Afgehandeld", "omschrijving_generiek": "Afgehandeld", "statustekst": "", "zaaktype": "http://open-zaak.dev:8000/catalogi/api/v1/zaaktypen/18780a2f-2737-48ce-9db6-f3ebc1e58195", "volgnummer": 7, "is_eindstatus": true, "informeren": false}, {"url": "http://open-zaak.dev:8000/catalogi/api/v1/statustypen/27eb3086-2f21-4dbe-8e57-d768bea4dd0a", "omschrijving": "Uitvoering afgerond", "omschrijving_generiek": "Uitvoering afgerond", "statustekst": "", "zaaktype": "http://open-zaak.dev:8000/catalogi/api/v1/zaaktypen/18780a2f-2737-48ce-9db6-f3ebc1e58195", "volgnummer": 6, "is_eindstatus": false, "informeren": false}, {"url": "http://open-zaak.dev:8000/catalogi/api/v1/statustypen/a5724c09-611e-438d-92c0-6f29a2b54f00", "omschrijving": "Onderzoek afgerond", "omschrijving_generiek": "Onderzoek afgerond", "statustekst": "", "zaaktype": "http://open-zaak.dev:8000/catalogi/api/v1/zaaktypen/18780a2f-2737-48ce-9db6-f3ebc1e58195", "volgnummer": 5, "is_eindstatus": false, "informeren": false}, {"url": "http://open-zaak.dev:8000/catalogi/api/v1/statustypen/1e057d8d-5799-49a1-abea-440cc1588a94", "omschrijving": "In behandeling genomen", "omschrijving_generiek": "In behandeling genomen", "statustekst": "", "zaaktype": "http://open-zaak.dev:8000/catalogi/api/v1/zaaktypen/18780a2f-2737-48ce-9db6-f3ebc1e58195", "volgnummer": 4, "is_eindstatus": false, "informeren": false}, {"url": "http://open-zaak.dev:8000/catalogi/api/v1/statustypen/db55683c-3bcc-41dc-80a8-ccb9bb5bf266", "omschrijving": "Geregistreerd", "omschrijving_generiek": "Geregistreerd", "statustekst": "", "zaaktype": "http://open-zaak.dev:8000/catalogi/api/v1/zaaktypen/18780a2f-2737-48ce-9db6-f3ebc1e58195", "volgnummer": 3, "is_eindstatus": false, "informeren": false}, {"url": "http://open-zaak.dev:8000/catalogi/api/v1/statustypen/db48ef5b-5ea2-4ed8-89e0-6506368f3ff0", "omschrijving": "Geaccepteerd", "omschrijving_generiek": "Geaccepteerd", "statustekst": "", "zaaktype": "http://open-zaak.dev:8000/catalogi/api/v1/zaaktypen/18780a2f-2737-48ce-9db6-f3ebc1e58195", "volgnummer": 2, "is_eindstatus": false, "informeren": false}, {"url": "http://open-zaak.dev:8000/catalogi/api/v1/statustypen/9dff3919-8162-4dca-87c8-be4220f472ed", "omschrijving": "Besluitvorming afgerond", "omschrijving_generiek": "Besluitvorming afgerond", "statustekst": "", "zaaktype": "http://open-zaak.dev:8000/catalogi/api/v1/zaaktypen/18780a2f-2737-48ce-9db6-f3ebc1e58195", "volgnummer": 1, "is_eindstatus": false, "informeren": false}, {"url": "http://open-zaak.dev:8000/catalogi/api/v1/statustypen/fe402e78-7210-4c94-b5e1-84d7599b217b", "omschrijving": "Afgehandeld", "omschrijving_generiek": "Afgehandeld", "statustekst": "", "zaaktype": "http://open-zaak.dev:8000/catalogi/api/v1/zaaktypen/0063833d-55f4-4c7e-a1c8-71549ec320df", "volgnummer": 8, "is_eindstatus": true, "informeren": false}, {"url": "http://open-zaak.dev:8000/catalogi/api/v1/statustypen/0d6ae001-4f4d-4013-92f7-b04409cdb326", "omschrijving": "Gereed om af te halen op locatie Bolsward", "omschrijving_generiek": "Gereed om af te halen op locatie Bolsward", "statustekst": "", "zaaktype": "http://open-zaak.dev:8000/catalogi/api/v1/zaaktypen/0063833d-55f4-4c7e-a1c8-71549ec320df", "volgnummer": 7, "is_eindstatus": false, "informeren": false}, {"url": "http://open-zaak.dev:8000/catalogi/api/v1/statustypen/a5d6955a-f7bf-4db5-9f48-12e6f929e5bd", "omschrijving": "Gereed om af te halen op locatie Sneek", "omschrijving_generiek": "Gereed om af te halen op locatie Sneek", "statustekst": "", "zaaktype": "http://open-zaak.dev:8000/catalogi/api/v1/zaaktypen/0063833d-55f4-4c7e-a1c8-71549ec320df", "volgnummer": 6, "is_eindstatus": false, "informeren": false}, {"url": "http://open-zaak.dev:8000/catalogi/api/v1/statustypen/32e2e8ab-1798-4246-8d86-4826e853884d", "omschrijving": "Rijbewijs in productie", "omschrijving_generiek": "Rijbewijs in productie", "statustekst": "", "zaaktype": "http://open-zaak.dev:8000/catalogi/api/v1/zaaktypen/0063833d-55f4-4c7e-a1c8-71549ec320df", "volgnummer": 5, "is_eindstatus": false, "informeren": false}, {"url": "http://open-zaak.dev:8000/catalogi/api/v1/statustypen/84b12474-935f-4a14-81bb-102bd6fb1fd5", "omschrijving": "Aanvraag in behandeling genomen bij RDW", "omschrijving_generiek": "Aanvraag in behandeling genomen bij RDW", "statustekst": "", "zaaktype": "http://open-zaak.dev:8000/catalogi/api/v1/zaaktypen/0063833d-55f4-4c7e-a1c8-71549ec320df", "volgnummer": 4, "is_eindstatus": false, "informeren": false}, {"url": "http://open-zaak.dev:8000/catalogi/api/v1/statustypen/b4974dc2-a921-44ab-9897-9fca1c04ccf8", "omschrijving": "Geregistreerd door RDW", "omschrijving_generiek": "Geregistreerd door RDW", "statustekst": "", "zaaktype": "http://open-zaak.dev:8000/catalogi/api/v1/zaaktypen/0063833d-55f4-4c7e-a1c8-71549ec320df", "volgnummer": 3, "is_eindstatus": false, "informeren": false}, {"url": "http://open-zaak.dev:8000/catalogi/api/v1/statustypen/f4253434-b6a9-4b32-859b-398e7d792db8", "omschrijving": "Aanvraag verstuurd naar RDW", "omschrijving_generiek": "Aanvraag verstuurd naar RDW", "statustekst": "", "zaaktype": "http://open-zaak.dev:8000/catalogi/api/v1/zaaktypen/0063833d-55f4-4c7e-a1c8-71549ec320df", "volgnummer": 2, "is_eindstatus": false, "informeren": false}, {"url": "http://open-zaak.dev:8000/catalogi/api/v1/statustypen/bb73d5fe-a695-46ad-9bf3-6e0a40249a94", "omschrijving": "Aanvraag in behandeling genomen", "omschrijving_generiek": "Aanvraag in behandeling genomen", "statustekst": "", "zaaktype": "http://open-zaak.dev:8000/catalogi/api/v1/zaaktypen/0063833d-55f4-4c7e-a1c8-71549ec320df", "volgnummer": 1, "is_eindstatus": false, "informeren": false}, {"url": "http://open-zaak.dev:8000/catalogi/api/v1/statustypen/07b7a55c-d438-44be-8d81-39840130d771", "omschrijving": "Afgehandeld", "omschrijving_generiek": "Afgehandeld", "statustekst": "", "zaaktype": "http://open-zaak.dev:8000/catalogi/api/v1/zaaktypen/b0e04d66-0c0d-44fb-9752-9af03b7aae37", "volgnummer": 5, "is_eindstatus": true, "informeren": false}, {"url": "http://open-zaak.dev:8000/catalogi/api/v1/statustypen/e901e0b3-9ef5-4acf-b09d-4dfc0ab3c188", "omschrijving": "Uitvoering afgerond", "omschrijving_generiek": "Uitvoering afgerond", "statustekst": "", "zaaktype": "http://open-zaak.dev:8000/catalogi/api/v1/zaaktypen/b0e04d66-0c0d-44fb-9752-9af03b7aae37", "volgnummer": 4, "is_eindstatus": false, "informeren": false}, {"url": "http://open-zaak.dev:8000/catalogi/api/v1/statustypen/85aad55c-9deb-4967-8ac0-bc04aa7ca641", "omschrijving": "In behandeling genomen", "omschrijving_generiek": "In behandeling genomen", "statustekst": "", "zaaktype": "http://open-zaak.dev:8000/catalogi/api/v1/zaaktypen/b0e04d66-0c0d-44fb-9752-9af03b7aae37", "volgnummer": 3, "is_eindstatus": false, "informeren": false}, {"url": "http://open-zaak.dev:8000/catalogi/api/v1/statustypen/46e641ae-c7e1-4ba2-bef7-caaf103facb8", "omschrijving": "Geregistreerd", "omschrijving_generiek": "Geregistreerd", "statustekst": "", "zaaktype": "http://open-zaak.dev:8000/catalogi/api/v1/zaaktypen/b0e04d66-0c0d-44fb-9752-9af03b7aae37", "volgnummer": 2, "is_eindstatus": false, "informeren": false}, {"url": "http://open-zaak.dev:8000/catalogi/api/v1/statustypen/4a1c444f-99e2-4448-af6d-05516883e8c3", "omschrijving": "Geaccepteerd", "omschrijving_generiek": "Geaccepteerd", "statustekst": "", "zaaktype": "http://open-zaak.dev:8000/catalogi/api/v1/zaaktypen/b0e04d66-0c0d-44fb-9752-9af03b7aae37", "volgnummer": 1, "is_eindstatus": false, "informeren": false}, {"url": "http://open-zaak.dev:8000/catalogi/api/v1/statustypen/7a5a7a45-abee-4e96-bee3-20ebe6b102ce", "omschrijving": "Afgehandeld", "omschrijving_generiek": "Afgehandeld", "statustekst": "", "zaaktype": "http://open-zaak.dev:8000/catalogi/api/v1/zaaktypen/43d4d83b-71ae-4bb7-8845-712f8f32cb1e", "volgnummer": 8, "is_eindstatus": true, "informeren": false}, {"url": "http://open-zaak.dev:8000/catalogi/api/v1/statustypen/270da4f6-2d35-46e3-a07b-fc204c2b0d7a", "omschrijving": "Besluitvorming afgerond", "omschrijving_generiek": "Besluitvorming afgerond", "statustekst": "", "zaaktype": "http://open-zaak.dev:8000/catalogi/api/v1/zaaktypen/43d4d83b-71ae-4bb7-8845-712f8f32cb1e", "volgnummer": 7, "is_eindstatus": false, "informeren": false}, {"url": "http://open-zaak.dev:8000/catalogi/api/v1/statustypen/5fd6b292-e29f-40d1-ab80-a1154a810be6", "omschrijving": "Uitvoering afgerond", "omschrijving_generiek": "Uitvoering afgerond", "statustekst": "", "zaaktype": "http://open-zaak.dev:8000/catalogi/api/v1/zaaktypen/43d4d83b-71ae-4bb7-8845-712f8f32cb1e", "volgnummer": 6, "is_eindstatus": false, "informeren": false}, {"url": "http://open-zaak.dev:8000/catalogi/api/v1/statustypen/2cfc51ad-c9e7-4272-9020-029af696d01a", "omschrijving": "Onderzoek afgerond", "omschrijving_generiek": "Onderzoek afgerond", "statustekst": "", "zaaktype": "http://open-zaak.dev:8000/catalogi/api/v1/zaaktypen/43d4d83b-71ae-4bb7-8845-712f8f32cb1e", "volgnummer": 5, "is_eindstatus": false, "informeren": false}, {"url": "http://open-zaak.dev:8000/catalogi/api/v1/statustypen/7d78f6cd-36fe-40fb-8647-19be768c2db6", "omschrijving": "In behandeling genomen", "omschrijving_generiek": "In behandeling genomen", "statustekst": "", "zaaktype": "http://open-zaak.dev:8000/catalogi/api/v1/zaaktypen/43d4d83b-71ae-4bb7-8845-712f8f32cb1e", "volgnummer": 4, "is_eindstatus": false, "informeren": false}, {"url": "http://open-zaak.dev:8000/catalogi/api/v1/statustypen/8a1d64c0-a6d8-4a5f-9902-3684e1d0b571", "omschrijving": "Geregistreerd", "omschrijving_generiek": "Geregistreerd", "statustekst": "", "zaaktype": "http://open-zaak.dev:8000/catalogi/api/v1/zaaktypen/43d4d83b-71ae-4bb7-8845-712f8f32cb1e", "volgnummer": 3, "is_eindstatus": false, "informeren": false}, {"url": "http://open-zaak.dev:8000/catalogi/api/v1/statustypen/611ff0f9-fad0-4f4b-820a-011dcb715b6b", "omschrijving": "Geaccepteerd", "omschrijving_generiek": "Geaccepteerd", "statustekst": "", "zaaktype": "http://open-zaak.dev:8000/catalogi/api/v1/zaaktypen/43d4d83b-71ae-4bb7-8845-712f8f32cb1e", "volgnummer": 2, "is_eindstatus": false, "informeren": false}, {"url": "http://open-zaak.dev:8000/catalogi/api/v1/statustypen/18b458cf-48b9-4482-bcb6-445981d1d687", "omschrijving": "Nieuw", "omschrijving_generiek": "Nieuw", "statustekst": "", "zaaktype": "http://open-zaak.dev:8000/catalogi/api/v1/zaaktypen/43d4d83b-71ae-4bb7-8845-712f8f32cb1e", "volgnummer": 1, "is_eindstatus": false, "informeren": false}, {"url": "http://open-zaak.dev:8000/catalogi/api/v1/statustypen/a81db6f7-295e-4de4-9336-6790ac2c5330", "omschrijving": "Afgehandeld", "omschrijving_generiek": "Afgehandeld", "statustekst": "", "zaaktype": "http://open-zaak.dev:8000/catalogi/api/v1/zaaktypen/29588829-5f1f-4643-bcbb-898e02aa4195", "volgnummer": 10, "is_eindstatus": true, "informeren": false}, {"url": "http://open-zaak.dev:8000/catalogi/api/v1/statustypen/75483073-865f-413c-bbcc-ea0d78647261", "omschrijving": "Ter inzage legging afgerond", "omschrijving_generiek": "Ter inzage legging afgerond", "statustekst": "", "zaaktype": "http://open-zaak.dev:8000/catalogi/api/v1/zaaktypen/29588829-5f1f-4643-bcbb-898e02aa4195", "volgnummer": 9, "is_eindstatus": false, "informeren": false}, {"url": "http://open-zaak.dev:8000/catalogi/api/v1/statustypen/1a8a7e89-3cc5-4df2-8f45-b6338d0a8adb", "omschrijving": "Besluitvorming afgerond", "omschrijving_generiek": "Besluitvorming afgerond", "statustekst": "", "zaaktype": "http://open-zaak.dev:8000/catalogi/api/v1/zaaktypen/29588829-5f1f-4643-bcbb-898e02aa4195", "volgnummer": 8, "is_eindstatus": false, "informeren": false}, {"url": "http://open-zaak.dev:8000/catalogi/api/v1/statustypen/ae75b698-dbda-441e-9e3c-caaa9cd9e0f6", "omschrijving": "Besluit genomen", "omschrijving_generiek": "Besluit genomen", "statustekst": "", "zaaktype": "http://open-zaak.dev:8000/catalogi/api/v1/zaaktypen/29588829-5f1f-4643-bcbb-898e02aa4195", "volgnummer": 7, "is_eindstatus": false, "informeren": false}, {"url": "http://open-zaak.dev:8000/catalogi/api/v1/statustypen/ae93ce86-98c5-4fb2-af93-aa026ddd01d1", "omschrijving": "Voorstel voor besluitvorming opgesteld", "omschrijving_generiek": "Voorstel voor besluitvorming opgesteld", "statustekst": "", "zaaktype": "http://open-zaak.dev:8000/catalogi/api/v1/zaaktypen/29588829-5f1f-4643-bcbb-898e02aa4195", "volgnummer": 6, "is_eindstatus": false, "informeren": false}, {"url": "http://open-zaak.dev:8000/catalogi/api/v1/statustypen/315957c3-a0f2-4ea5-ade3-b77c1823e19f", "omschrijving": "Voorstel voor besluitvorming", "omschrijving_generiek": "Voorstel voor besluitvorming", "statustekst": "", "zaaktype": "http://open-zaak.dev:8000/catalogi/api/v1/zaaktypen/29588829-5f1f-4643-bcbb-898e02aa4195", "volgnummer": 5, "is_eindstatus": false, "informeren": false}, {"url": "http://open-zaak.dev:8000/catalogi/api/v1/statustypen/4c7a48d9-61d7-4395-83cf-1c726ebd032b", "omschrijving": "Intake afgerond", "omschrijving_generiek": "Intake afgerond", "statustekst": "", "zaaktype": "http://open-zaak.dev:8000/catalogi/api/v1/zaaktypen/29588829-5f1f-4643-bcbb-898e02aa4195", "volgnummer": 4, "is_eindstatus": false, "informeren": false}, {"url": "http://open-zaak.dev:8000/catalogi/api/v1/statustypen/f0d0c9fc-77f0-4300-8623-1426959a2e4e", "omschrijving": "In behandeling genomen", "omschrijving_generiek": "In behandeling genomen", "statustekst": "", "zaaktype": "http://open-zaak.dev:8000/catalogi/api/v1/zaaktypen/29588829-5f1f-4643-bcbb-898e02aa4195", "volgnummer": 3, "is_eindstatus": false, "informeren": false}, {"url": "http://open-zaak.dev:8000/catalogi/api/v1/statustypen/66b68a8e-77ab-4cd7-8a23-b5dd3f714375", "omschrijving": "Getoetst op indieningsvereisten", "omschrijving_generiek": "Getoetst op indieningsvereisten", "statustekst": "", "zaaktype": "http://open-zaak.dev:8000/catalogi/api/v1/zaaktypen/29588829-5f1f-4643-bcbb-898e02aa4195", "volgnummer": 2, "is_eindstatus": false, "informeren": false}, {"url": "http://open-zaak.dev:8000/catalogi/api/v1/statustypen/e448db10-acd9-4ccc-856a-fbc9f3356c35", "omschrijving": "Geregistreerd", "omschrijving_generiek": "Geregistreerd", "statustekst": "", "zaaktype": "http://open-zaak.dev:8000/catalogi/api/v1/zaaktypen/29588829-5f1f-4643-bcbb-898e02aa4195", "volgnummer": 1, "is_eindstatus": false, "informeren": false}]