[{"url": "http://open-zaak.dev:8000/catalogi/api/v1/zaaktype-informatieobjecttypen/e41cea3e-62b8-4f8d-81c0-d95c25130f1b", "zaaktype": "http://open-zaak.dev:8000/catalogi/api/v1/zaaktypen/3cac4cad-48d2-4271-8901-c1911f7b6fa4", "informatieobjecttype": "http://open-zaak.dev:8000/catalogi/api/v1/informatieobjecttypen/4f6f07d8-251f-4ce9-a8d4-860d42a27466", "volgnummer": 1, "richting": "intern", "statustype": null}, {"url": "http://open-zaak.dev:8000/catalogi/api/v1/zaaktype-informatieobjecttypen/dd44ad8f-375e-4e76-9865-7f5e2b0cdd38", "zaaktype": "http://open-zaak.dev:8000/catalogi/api/v1/zaaktypen/43d4d83b-71ae-4bb7-8845-712f8f32cb1e", "informatieobjecttype": "http://open-zaak.dev:8000/catalogi/api/v1/informatieobjecttypen/0db54b1c-f99f-47eb-b4ec-b0023151d9ca", "volgnummer": 1, "richting": "inkomend", "statustype": null}, {"url": "http://open-zaak.dev:8000/catalogi/api/v1/zaaktype-informatieobjecttypen/a615d247-0598-4bd8-93dd-af916f91110d", "zaaktype": "http://open-zaak.dev:8000/catalogi/api/v1/zaaktypen/ebeadf43-38ec-496e-8281-1b6233f6a385", "informatieobjecttype": "http://open-zaak.dev:8000/catalogi/api/v1/informatieobjecttypen/0db54b1c-f99f-47eb-b4ec-b0023151d9ca", "volgnummer": 1, "richting": "inkomend", "statustype": null}]