[{"url": "http://open-zaak.dev:8000/catalogi/api/v1/besluittypen/6fa5f174-f8c1-4807-be0a-d46784035a08", "catalogus": "http://open-zaak.dev:8000/catalogi/api/v1/catalogussen/68f1075b-ce92-4bd6-8725-6f43b840d2b6", "zaaktypen": [], "omschrijving": "Groepsbesluit", "omschrijving_generiek": "Besluit genomen door team", "besluitcategorie": "", "reactietermijn": null, "publicatie_indicatie": true, "publicatietekst": "", "publicatietermijn": null, "toelichting": "", "informatieobjecttypen": ["http://open-zaak.dev:8000/catalogi/api/v1/informatieobjecttypen/990f8ceb-4413-46bc-a2ad-68aa05aa73e9", "http://open-zaak.dev:8000/catalogi/api/v1/informatieobjecttypen/104e4c62-9acc-4f23-bb75-42886dba97e8"], "begin_geldigheid": "2021-07-31", "einde_geldigheid": null, "concept": false}]