[{"url": "http://open-zaak.dev:8000/catalogi/api/v1/catalogussen/68f1075b-ce92-4bd6-8725-6f43b840d2b6", "domein": "ETESD", "rsin": "548746485", "contactpersoon_beheer_naam": "Marcel Lenterman", "contactpersoon_beheer_telefoonnummer": "0636392161", "contactpersoon_beheer_emailadres": "marcel@wearefrank.nl", "zaaktypen": ["http://open-zaak.dev:8000/catalogi/api/v1/zaaktypen/9f625985-0fe9-4cbf-a5a7-353a7f3167d1", "http://open-zaak.dev:8000/catalogi/api/v1/zaaktypen/afd97fa7-e7f3-482a-af37-4f1d95f5dd11", "http://open-zaak.dev:8000/catalogi/api/v1/zaaktypen/f6f3340b-0607-4b9c-afa6-ec102bacc35d", "http://open-zaak.dev:8000/catalogi/api/v1/zaaktypen/e6a329ac-850a-4855-ba07-f9fc223e9e05", "http://open-zaak.dev:8000/catalogi/api/v1/zaaktypen/2e226505-3a43-4c41-82c5-d97f26190033", "http://open-zaak.dev:8000/catalogi/api/v1/zaaktypen/0faddca6-cac8-4c07-a535-a940ab0d711d", "http://open-zaak.dev:8000/catalogi/api/v1/zaaktypen/fb019338-ffc5-4081-934e-e07dbebf5cf6", "http://open-zaak.dev:8000/catalogi/api/v1/zaaktypen/9c0d43bc-bd83-4cc1-b334-7eb2b3bc45b6", "http://open-zaak.dev:8000/catalogi/api/v1/zaaktypen/5698a2ae-e4bf-4bf8-b8f4-ebdb8386bf06", "http://open-zaak.dev:8000/catalogi/api/v1/zaaktypen/75c9dcdb-688a-4805-b9de-50bb9b8e653c"], "besluittypen": ["http://open-zaak.dev:8000/catalogi/api/v1/besluittypen/6fa5f174-f8c1-4807-be0a-d46784035a08"], "informatieobjecttypen": ["http://open-zaak.dev:8000/catalogi/api/v1/informatieobjecttypen/990f8ceb-4413-46bc-a2ad-68aa05aa73e9", "http://open-zaak.dev:8000/catalogi/api/v1/informatieobjecttypen/104e4c62-9acc-4f23-bb75-42886dba97e8"]}]