[{"url": "http://open-zaak.dev:8000/catalogi/api/v1/informatieobjecttypen/990f8ceb-4413-46bc-a2ad-68aa05aa73e9", "catalogus": "http://open-zaak.dev:8000/catalogi/api/v1/catalogussen/68f1075b-ce92-4bd6-8725-6f43b840d2b6", "omschrijving": "Brief", "vertrouwelijkheidaanduiding": "intern", "begin_geldigheid": "2021-03-29", "einde_geldigheid": null, "concept": false}, {"url": "http://open-zaak.dev:8000/catalogi/api/v1/informatieobjecttypen/104e4c62-9acc-4f23-bb75-42886dba97e8", "catalogus": "http://open-zaak.dev:8000/catalogi/api/v1/catalogussen/68f1075b-ce92-4bd6-8725-6f43b840d2b6", "omschrijving": "Bijlage bij melding", "vertrouwelijkheidaanduiding": "zaakvertrouwelijk", "begin_geldigheid": "2021-08-05", "einde_geldigheid": null, "concept": false}]