[{"url": "http://open-zaak.dev:8000/catalogi/api/v1/resultaattypen/c090f694-1ac7-4636-bc4c-bc97ac8f5794", "zaaktype": "http://open-zaak.dev:8000/catalogi/api/v1/zaaktypen/e6a329ac-850a-4855-ba07-f9fc223e9e05", "omschrijving": "Buiten behandeling", "resultaattypeomschrijving": "https://selectielijst.openzaak.nl/api/v1/resultaattypeomschrijvingen/ce8cf476-0b59-496f-8eee-957a7c6e2506", "omschrijving_generiek": "Afgebroken", "selectielijstklasse": "https://selectielijst.openzaak.nl/api/v1/resultaten/733f7553-fb30-4e68-8aa6-2d211de84fb7", "toelichting": "In de applicatie is dit 'Buiten behandeling laten' maar dat is te lang,maximaal 20 karakters bij \"Omschrijving\"", "archiefnominatie": "vernietigen", "archiefactietermijn": "P1827D", "brondatum_archiefprocedure": {"afleidingswijze": "afgehandeld", "datumkenmerk": "", "einddatum_bekend": false, "objecttype": "", "registratie": "", "procestermijn": null}}, {"url": "http://open-zaak.dev:8000/catalogi/api/v1/resultaattypen/0e655852-7cfc-4656-a523-b42739b53c08", "zaaktype": "http://open-zaak.dev:8000/catalogi/api/v1/zaaktypen/e6a329ac-850a-4855-ba07-f9fc223e9e05", "omschrijving": "Ingetrokken", "resultaattypeomschrijving": "https://selectielijst.openzaak.nl/api/v1/resultaattypeomschrijvingen/a6a0bd73-262a-401a-b629-9c4a908c69b5", "omschrijving_generiek": "Ingetrokken", "selectielijstklasse": "https://selectielijst.openzaak.nl/api/v1/resultaten/f58c98a3-9794-43a5-a626-99c271455421", "toelichting": "Moet zijn 'Ingetrokken door client' omdat de \"Omschrijving\" max. 20 karakter kan bevatten.", "archiefnominatie": "vernietigen", "archiefactietermijn": "P42D", "brondatum_archiefprocedure": {"afleidingswijze": "afgehandeld", "datumkenmerk": "", "einddatum_bekend": false, "objecttype": "", "registratie": "", "procestermijn": null}}, {"url": "http://open-zaak.dev:8000/catalogi/api/v1/resultaattypen/897211be-2b83-4d0e-b773-6b1775f2749f", "zaaktype": "http://open-zaak.dev:8000/catalogi/api/v1/zaaktypen/2e226505-3a43-4c41-82c5-d97f26190033", "omschrijving": "Aanvraag afgewezen", "resultaattypeomschrijving": "https://selectielijst.openzaak.nl/api/v1/resultaattypeomschrijvingen/ce8cf476-0b59-496f-8eee-957a7c6e2506", "omschrijving_generiek": "Afgebroken", "selectielijstklasse": "https://selectielijst.openzaak.nl/api/v1/resultaten/733f7553-fb30-4e68-8aa6-2d211de84fb7", "toelichting": "", "archiefnominatie": "vernietigen", "archiefactietermijn": "P365D", "brondatum_archiefprocedure": {"afleidingswijze": "afgehandeld", "datumkenmerk": "", "einddatum_bekend": false, "objecttype": "", "registratie": "", "procestermijn": null}}, {"url": "http://open-zaak.dev:8000/catalogi/api/v1/resultaattypen/08c6c271-e612-480a-bb79-d063e5bd1b04", "zaaktype": "http://open-zaak.dev:8000/catalogi/api/v1/zaaktypen/75c9dcdb-688a-4805-b9de-50bb9b8e653c", "omschrijving": "Buiten behandeling", "resultaattypeomschrijving": "https://selectielijst.openzaak.nl/api/v1/resultaattypeomschrijvingen/ce8cf476-0b59-496f-8eee-957a7c6e2506", "omschrijving_generiek": "Afgebroken", "selectielijstklasse": "https://selectielijst.openzaak.nl/api/v1/resultaten/f572cb0e-244a-4682-b57e-0c044c468387", "toelichting": "", "archiefnominatie": "vernietigen", "archiefactietermijn": "P1826D", "brondatum_archiefprocedure": {"afleidingswijze": "afgehandeld", "datumkenmerk": "", "einddatum_bekend": false, "objecttype": "", "registratie": "", "procestermijn": null}}, {"url": "http://open-zaak.dev:8000/catalogi/api/v1/resultaattypen/1227bec5-3545-4da1-9519-bbd91864be1b", "zaaktype": "http://open-zaak.dev:8000/catalogi/api/v1/zaaktypen/e6a329ac-850a-4855-ba07-f9fc223e9e05", "omschrijving": "Afgewezen", "resultaattypeomschrijving": "https://selectielijst.openzaak.nl/api/v1/resultaattypeomschrijvingen/1f750958-431c-4916-bc01-af5d3a753b41", "omschrijving_generiek": "Geweigerd", "selectielijstklasse": "https://selectielijst.openzaak.nl/api/v1/resultaten/cf0c6097-dd84-4e01-8401-28403ab738b0", "toelichting": "", "archiefnominatie": "vernietigen", "archiefactietermijn": "P1827D", "brondatum_archiefprocedure": {"afleidingswijze": "afgehandeld", "datumkenmerk": "", "einddatum_bekend": false, "objecttype": "", "registratie": "", "procestermijn": null}}, {"url": "http://open-zaak.dev:8000/catalogi/api/v1/resultaattypen/aee45f62-2313-4634-aaa8-4fdbb5f3598a", "zaaktype": "http://open-zaak.dev:8000/catalogi/api/v1/zaaktypen/e6a329ac-850a-4855-ba07-f9fc223e9e05", "omschrijving": "Toekenning", "resultaattypeomschrijving": "https://selectielijst.openzaak.nl/api/v1/resultaattypeomschrijvingen/fb65d251-1518-4185-865f-b8bdcfad07b1", "omschrijving_generiek": "Toegekend", "selectielijstklasse": "https://selectielijst.openzaak.nl/api/v1/resultaten/42cd3baf-7b4f-42da-978f-a3d1945f58e5", "toelichting": "Ander datumkenmerk: na be\u00ebindiging voorziening in registratie 'Inkomensvoorzieningen'", "archiefnominatie": "vernietigen", "archiefactietermijn": "P3653D", "brondatum_archiefprocedure": {"afleidingswijze": "afgehandeld", "datumkenmerk": "", "einddatum_bekend": false, "objecttype": "", "registratie": "", "procestermijn": null}}, {"url": "http://open-zaak.dev:8000/catalogi/api/v1/resultaattypen/612de634-0429-4d49-8dc5-7ca7ee1a1064", "zaaktype": "http://open-zaak.dev:8000/catalogi/api/v1/zaaktypen/afd97fa7-e7f3-482a-af37-4f1d95f5dd11", "omschrijving": "Afgebroken", "resultaattypeomschrijving": "https://selectielijst.openzaak.nl/api/v1/resultaattypeomschrijvingen/ce8cf476-0b59-496f-8eee-957a7c6e2506", "omschrijving_generiek": "Afgebroken", "selectielijstklasse": "https://selectielijst.openzaak.nl/api/v1/resultaten/450c6aba-625e-4539-a1c3-3d71477113c7", "toelichting": "", "archiefnominatie": "vernietigen", "archiefactietermijn": "P365D", "brondatum_archiefprocedure": {"afleidingswijze": "afgehandeld", "datumkenmerk": "", "einddatum_bekend": false, "objecttype": "", "registratie": "", "procestermijn": null}}, {"url": "http://open-zaak.dev:8000/catalogi/api/v1/resultaattypen/94408fcb-5102-4cad-b1fd-63712c7c5bf1", "zaaktype": "http://open-zaak.dev:8000/catalogi/api/v1/zaaktypen/afd97fa7-e7f3-482a-af37-4f1d95f5dd11", "omschrijving": "Uitgevoerd", "resultaattypeomschrijving": "https://selectielijst.openzaak.nl/api/v1/resultaattypeomschrijvingen/f33dbd16-68ae-4820-acb5-5f437bca5edb", "omschrijving_generiek": "Verwerkt", "selectielijstklasse": "https://selectielijst.openzaak.nl/api/v1/resultaten/d52e6e2c-9a7a-403c-9b01-3e5ef1b052c9", "toelichting": "", "archiefnominatie": "vernietigen", "archiefactietermijn": "P365D", "brondatum_archiefprocedure": {"afleidingswijze": "afgehandeld", "datumkenmerk": "", "einddatum_bekend": false, "objecttype": "", "registratie": "", "procestermijn": null}}, {"url": "http://open-zaak.dev:8000/catalogi/api/v1/resultaattypen/3f5864e6-dd03-4c58-8646-63e687a6f3d6", "zaaktype": "http://open-zaak.dev:8000/catalogi/api/v1/zaaktypen/f6f3340b-0607-4b9c-afa6-ec102bacc35d", "omschrijving": "Buiten behandeling g", "resultaattypeomschrijving": "https://selectielijst.openzaak.nl/api/v1/resultaattypeomschrijvingen/a6a0bd73-262a-401a-b629-9c4a908c69b5", "omschrijving_generiek": "Ingetrokken", "selectielijstklasse": "https://selectielijst.openzaak.nl/api/v1/resultaten/4811c2bc-3255-4cd4-a00a-7ed59223b8b1", "toelichting": "", "archiefnominatie": "vernietigen", "archiefactietermijn": "P1826D", "brondatum_archiefprocedure": {"afleidingswijze": "afgehandeld", "datumkenmerk": "", "einddatum_bekend": false, "objecttype": "", "registratie": "", "procestermijn": null}}, {"url": "http://open-zaak.dev:8000/catalogi/api/v1/resultaattypen/ea7a3a23-82f0-4b48-a15b-286169d6c412", "zaaktype": "http://open-zaak.dev:8000/catalogi/api/v1/zaaktypen/f6f3340b-0607-4b9c-afa6-ec102bacc35d", "omschrijving": "Toegekend", "resultaattypeomschrijving": "https://selectielijst.openzaak.nl/api/v1/resultaattypeomschrijvingen/ce8cf476-0b59-496f-8eee-957a7c6e2506", "omschrijving_generiek": "Afgebroken", "selectielijstklasse": "https://selectielijst.openzaak.nl/api/v1/resultaten/afa30940-855b-4a7e-aa21-9e15a8078814", "toelichting": "", "archiefnominatie": "vernietigen", "archiefactietermijn": "P3652D", "brondatum_archiefprocedure": {"afleidingswijze": "afgehandeld", "datumkenmerk": "", "einddatum_bekend": false, "objecttype": "", "registratie": "", "procestermijn": null}}, {"url": "http://open-zaak.dev:8000/catalogi/api/v1/resultaattypen/bdfb4e31-eb31-44b2-8676-5c4215c368df", "zaaktype": "http://open-zaak.dev:8000/catalogi/api/v1/zaaktypen/2e226505-3a43-4c41-82c5-d97f26190033", "omschrijving": "Aanvraag geannuleerd", "resultaattypeomschrijving": "https://selectielijst.openzaak.nl/api/v1/resultaattypeomschrijvingen/ce8cf476-0b59-496f-8eee-957a7c6e2506", "omschrijving_generiek": "Afgebroken", "selectielijstklasse": "https://selectielijst.openzaak.nl/api/v1/resultaten/733f7553-fb30-4e68-8aa6-2d211de84fb7", "toelichting": "", "archiefnominatie": "vernietigen", "archiefactietermijn": "P365D", "brondatum_archiefprocedure": {"afleidingswijze": "afgehandeld", "datumkenmerk": "", "einddatum_bekend": false, "objecttype": "", "registratie": "", "procestermijn": null}}, {"url": "http://open-zaak.dev:8000/catalogi/api/v1/resultaattypen/6e466bae-bef8-4bfa-ac61-269a2175d170", "zaaktype": "http://open-zaak.dev:8000/catalogi/api/v1/zaaktypen/5698a2ae-e4bf-4bf8-b8f4-ebdb8386bf06", "omschrijving": "Afgehandeld", "resultaattypeomschrijving": "https://selectielijst.openzaak.nl/api/v1/resultaattypeomschrijvingen/7cb315fb-4f7b-4a43-aca1-e4522e4c73b3", "omschrijving_generiek": "Afgehandeld", "selectielijstklasse": "https://selectielijst.openzaak.nl/api/v1/resultaten/e0e60015-84c5-4001-a8a0-1f3a87de0cfd", "toelichting": "", "archiefnominatie": "vernietigen", "archiefactietermijn": "P5479D", "brondatum_archiefprocedure": {"afleidingswijze": "afgehandeld", "datumkenmerk": "", "einddatum_bekend": false, "objecttype": "", "registratie": "", "procestermijn": null}}, {"url": "http://open-zaak.dev:8000/catalogi/api/v1/resultaattypen/283f0d93-105b-4e99-ae91-fc80e49c29e3", "zaaktype": "http://open-zaak.dev:8000/catalogi/api/v1/zaaktypen/9f625985-0fe9-4cbf-a5a7-353a7f3167d1", "omschrijving": "Aanvraag afgewezen", "resultaattypeomschrijving": "https://selectielijst.openzaak.nl/api/v1/resultaattypeomschrijvingen/ce8cf476-0b59-496f-8eee-957a7c6e2506", "omschrijving_generiek": "Afgebroken", "selectielijstklasse": "https://selectielijst.openzaak.nl/api/v1/resultaten/733f7553-fb30-4e68-8aa6-2d211de84fb7", "toelichting": "", "archiefnominatie": "vernietigen", "archiefactietermijn": "P365D", "brondatum_archiefprocedure": {"afleidingswijze": "afgehandeld", "datumkenmerk": "", "einddatum_bekend": false, "objecttype": "", "registratie": "", "procestermijn": null}}, {"url": "http://open-zaak.dev:8000/catalogi/api/v1/resultaattypen/14abdacb-f828-415f-9c28-729ae83287b4", "zaaktype": "http://open-zaak.dev:8000/catalogi/api/v1/zaaktypen/9f625985-0fe9-4cbf-a5a7-353a7f3167d1", "omschrijving": "Aanvraag geannuleerd", "resultaattypeomschrijving": "https://selectielijst.openzaak.nl/api/v1/resultaattypeomschrijvingen/ce8cf476-0b59-496f-8eee-957a7c6e2506", "omschrijving_generiek": "Afgebroken", "selectielijstklasse": "https://selectielijst.openzaak.nl/api/v1/resultaten/733f7553-fb30-4e68-8aa6-2d211de84fb7", "toelichting": "", "archiefnominatie": "vernietigen", "archiefactietermijn": "P365D", "brondatum_archiefprocedure": {"afleidingswijze": "afgehandeld", "datumkenmerk": "", "einddatum_bekend": false, "objecttype": "", "registratie": "", "procestermijn": null}}, {"url": "http://open-zaak.dev:8000/catalogi/api/v1/resultaattypen/05a61aca-c6d8-45b9-9139-efbffe6d10e6", "zaaktype": "http://open-zaak.dev:8000/catalogi/api/v1/zaaktypen/2e226505-3a43-4c41-82c5-d97f26190033", "omschrijving": "Geleverd voor 5 jaar", "resultaattypeomschrijving": "https://selectielijst.openzaak.nl/api/v1/resultaattypeomschrijvingen/f33dbd16-68ae-4820-acb5-5f437bca5edb", "omschrijving_generiek": "Verwerkt", "selectielijstklasse": "https://selectielijst.openzaak.nl/api/v1/resultaten/b3e2368f-65c7-4764-b7bf-f0d025c7609b", "toelichting": "", "archiefnominatie": "vernietigen", "archiefactietermijn": "P2191D", "brondatum_archiefprocedure": {"afleidingswijze": "hoofdzaak", "datumkenmerk": "", "einddatum_bekend": false, "objecttype": "", "registratie": "", "procestermijn": null}}, {"url": "http://open-zaak.dev:8000/catalogi/api/v1/resultaattypen/a9b418df-c6b2-414e-912d-80ad48575acd", "zaaktype": "http://open-zaak.dev:8000/catalogi/api/v1/zaaktypen/75c9dcdb-688a-4805-b9de-50bb9b8e653c", "omschrijving": "Ingetrokken", "resultaattypeomschrijving": "https://selectielijst.openzaak.nl/api/v1/resultaattypeomschrijvingen/a6a0bd73-262a-401a-b629-9c4a908c69b5", "omschrijving_generiek": "Ingetrokken", "selectielijstklasse": "https://selectielijst.openzaak.nl/api/v1/resultaten/12421a71-3dc3-42df-a0dc-820c1744c7b7", "toelichting": "", "archiefnominatie": "vernietigen", "archiefactietermijn": "P365D", "brondatum_archiefprocedure": {"afleidingswijze": "afgehandeld", "datumkenmerk": "", "einddatum_bekend": false, "objecttype": "", "registratie": "", "procestermijn": null}}, {"url": "http://open-zaak.dev:8000/catalogi/api/v1/resultaattypen/9f8c8828-4bf8-4ae9-9ef9-41a079cd8696", "zaaktype": "http://open-zaak.dev:8000/catalogi/api/v1/zaaktypen/9f625985-0fe9-4cbf-a5a7-353a7f3167d1", "omschrijving": "Geleverd voor 5 jaar", "resultaattypeomschrijving": "https://selectielijst.openzaak.nl/api/v1/resultaattypeomschrijvingen/f33dbd16-68ae-4820-acb5-5f437bca5edb", "omschrijving_generiek": "Verwerkt", "selectielijstklasse": "https://selectielijst.openzaak.nl/api/v1/resultaten/b3e2368f-65c7-4764-b7bf-f0d025c7609b", "toelichting": "", "archiefnominatie": "vernietigen", "archiefactietermijn": "P2191D", "brondatum_archiefprocedure": {"afleidingswijze": "hoofdzaak", "datumkenmerk": "", "einddatum_bekend": false, "objecttype": "", "registratie": "", "procestermijn": null}}, {"url": "http://open-zaak.dev:8000/catalogi/api/v1/resultaattypen/319a53af-2d97-48c6-bde6-87d07a4d7061", "zaaktype": "http://open-zaak.dev:8000/catalogi/api/v1/zaaktypen/9f625985-0fe9-4cbf-a5a7-353a7f3167d1", "omschrijving": "Niet uitgereikt", "resultaattypeomschrijving": "https://selectielijst.openzaak.nl/api/v1/resultaattypeomschrijvingen/a6a0bd73-262a-401a-b629-9c4a908c69b5", "omschrijving_generiek": "Ingetrokken", "selectielijstklasse": "https://selectielijst.openzaak.nl/api/v1/resultaten/cf0c6097-dd84-4e01-8401-28403ab738b0", "toelichting": "", "archiefnominatie": "vernietigen", "archiefactietermijn": "P365D", "brondatum_archiefprocedure": {"afleidingswijze": "afgehandeld", "datumkenmerk": "", "einddatum_bekend": false, "objecttype": "", "registratie": "", "procestermijn": null}}, {"url": "http://open-zaak.dev:8000/catalogi/api/v1/resultaattypen/b0e21e4f-939b-44fd-8991-f8f565ee837a", "zaaktype": "http://open-zaak.dev:8000/catalogi/api/v1/zaaktypen/9f625985-0fe9-4cbf-a5a7-353a7f3167d1", "omschrijving": "Uitgereikt", "resultaattypeomschrijving": "https://selectielijst.openzaak.nl/api/v1/resultaattypeomschrijvingen/f33dbd16-68ae-4820-acb5-5f437bca5edb", "omschrijving_generiek": "Verwerkt", "selectielijstklasse": "https://selectielijst.openzaak.nl/api/v1/resultaten/b3e2368f-65c7-4764-b7bf-f0d025c7609b", "toelichting": "", "archiefnominatie": "vernietigen", "archiefactietermijn": "P4018D", "brondatum_archiefprocedure": {"afleidingswijze": "hoofdzaak", "datumkenmerk": "", "einddatum_bekend": false, "objecttype": "", "registratie": "", "procestermijn": null}}, {"url": "http://open-zaak.dev:8000/catalogi/api/v1/resultaattypen/1b0f536b-8b58-4a6e-9dba-f97d26d15f3b", "zaaktype": "http://open-zaak.dev:8000/catalogi/api/v1/zaaktypen/2e226505-3a43-4c41-82c5-d97f26190033", "omschrijving": "Uitgereikt", "resultaattypeomschrijving": "https://selectielijst.openzaak.nl/api/v1/resultaattypeomschrijvingen/f33dbd16-68ae-4820-acb5-5f437bca5edb", "omschrijving_generiek": "Verwerkt", "selectielijstklasse": "https://selectielijst.openzaak.nl/api/v1/resultaten/b3e2368f-65c7-4764-b7bf-f0d025c7609b", "toelichting": "", "archiefnominatie": "vernietigen", "archiefactietermijn": "P4018D", "brondatum_archiefprocedure": {"afleidingswijze": "hoofdzaak", "datumkenmerk": "", "einddatum_bekend": false, "objecttype": "", "registratie": "", "procestermijn": null}}, {"url": "http://open-zaak.dev:8000/catalogi/api/v1/resultaattypen/abb9e4fc-25af-484b-b81e-8999ca51478e", "zaaktype": "http://open-zaak.dev:8000/catalogi/api/v1/zaaktypen/2e226505-3a43-4c41-82c5-d97f26190033", "omschrijving": "Niet uitgereikt", "resultaattypeomschrijving": "https://selectielijst.openzaak.nl/api/v1/resultaattypeomschrijvingen/a6a0bd73-262a-401a-b629-9c4a908c69b5", "omschrijving_generiek": "Ingetrokken", "selectielijstklasse": "https://selectielijst.openzaak.nl/api/v1/resultaten/cf0c6097-dd84-4e01-8401-28403ab738b0", "toelichting": "", "archiefnominatie": "vernietigen", "archiefactietermijn": "P365D", "brondatum_archiefprocedure": {"afleidingswijze": "afgehandeld", "datumkenmerk": "", "einddatum_bekend": false, "objecttype": "", "registratie": "", "procestermijn": null}}, {"url": "http://open-zaak.dev:8000/catalogi/api/v1/resultaattypen/203adb64-4dc6-4aee-aafb-a6a9cad6c8bc", "zaaktype": "http://open-zaak.dev:8000/catalogi/api/v1/zaaktypen/75c9dcdb-688a-4805-b9de-50bb9b8e653c", "omschrijving": "Niet verleend", "resultaattypeomschrijving": "https://selectielijst.openzaak.nl/api/v1/resultaattypeomschrijvingen/ce8cf476-0b59-496f-8eee-957a7c6e2506", "omschrijving_generiek": "Afgebroken", "selectielijstklasse": "https://selectielijst.openzaak.nl/api/v1/resultaten/f572cb0e-244a-4682-b57e-0c044c468387", "toelichting": "", "archiefnominatie": "vernietigen", "archiefactietermijn": "P1826D", "brondatum_archiefprocedure": {"afleidingswijze": "afgehandeld", "datumkenmerk": "", "einddatum_bekend": false, "objecttype": "", "registratie": "", "procestermijn": null}}, {"url": "http://open-zaak.dev:8000/catalogi/api/v1/resultaattypen/4e2d7fca-6696-415e-b0af-b7a61beb1750", "zaaktype": "http://open-zaak.dev:8000/catalogi/api/v1/zaaktypen/75c9dcdb-688a-4805-b9de-50bb9b8e653c", "omschrijving": "Vergunningvrij", "resultaattypeomschrijving": "https://selectielijst.openzaak.nl/api/v1/resultaattypeomschrijvingen/f7d2dc14-1b71-4179-aed3-4e7abcfbeb0d", "omschrijving_generiek": "Verleend", "selectielijstklasse": "https://selectielijst.openzaak.nl/api/v1/resultaten/2e0ff361-8887-44ed-a3fb-218c5645c2c3", "toelichting": "", "archiefnominatie": "blijvend_bewaren", "archiefactietermijn": null, "brondatum_archiefprocedure": {"afleidingswijze": "afgehandeld", "datumkenmerk": "", "einddatum_bekend": false, "objecttype": "", "registratie": "", "procestermijn": null}}, {"url": "http://open-zaak.dev:8000/catalogi/api/v1/resultaattypen/dc8ec601-6576-4a2d-ac4a-aa517bfb2e8f", "zaaktype": "http://open-zaak.dev:8000/catalogi/api/v1/zaaktypen/fb019338-ffc5-4081-934e-e07dbebf5cf6", "omschrijving": "Buiten behandeling g", "resultaattypeomschrijving": "https://selectielijst.openzaak.nl/api/v1/resultaattypeomschrijvingen/9c180d8b-2dd7-4a6f-89fa-7ba4d2f0cd8d", "omschrijving_generiek": "Niet vastgesteld", "selectielijstklasse": "https://selectielijst.openzaak.nl/api/v1/resultaten/51968c23-bde6-46a3-8b44-6551b776400c", "toelichting": "", "archiefnominatie": "vernietigen", "archiefactietermijn": "P1826D", "brondatum_archiefprocedure": {"afleidingswijze": "afgehandeld", "datumkenmerk": "", "einddatum_bekend": false, "objecttype": "", "registratie": "", "procestermijn": null}}, {"url": "http://open-zaak.dev:8000/catalogi/api/v1/resultaattypen/8645ec09-b634-4bc9-adbf-f590b976690d", "zaaktype": "http://open-zaak.dev:8000/catalogi/api/v1/zaaktypen/9c0d43bc-bd83-4cc1-b334-7eb2b3bc45b6", "omschrijving": "Afgebroken", "resultaattypeomschrijving": "https://selectielijst.openzaak.nl/api/v1/resultaattypeomschrijvingen/ce8cf476-0b59-496f-8eee-957a7c6e2506", "omschrijving_generiek": "Afgebroken", "selectielijstklasse": "https://selectielijst.openzaak.nl/api/v1/resultaten/6b2e6d05-5eab-4655-bcda-e6f3258e6e85", "toelichting": "", "archiefnominatie": "vernietigen", "archiefactietermijn": "P42D", "brondatum_archiefprocedure": {"afleidingswijze": "afgehandeld", "datumkenmerk": "", "einddatum_bekend": false, "objecttype": "", "registratie": "", "procestermijn": null}}, {"url": "http://open-zaak.dev:8000/catalogi/api/v1/resultaattypen/e79a6311-4a72-4172-962f-6d9f551e9196", "zaaktype": "http://open-zaak.dev:8000/catalogi/api/v1/zaaktypen/9c0d43bc-bd83-4cc1-b334-7eb2b3bc45b6", "omschrijving": "Geweigerd", "resultaattypeomschrijving": "https://selectielijst.openzaak.nl/api/v1/resultaattypeomschrijvingen/1f750958-431c-4916-bc01-af5d3a753b41", "omschrijving_generiek": "Geweigerd", "selectielijstklasse": "https://selectielijst.openzaak.nl/api/v1/resultaten/51968c23-bde6-46a3-8b44-6551b776400c", "toelichting": "", "archiefnominatie": "vernietigen", "archiefactietermijn": "P1826D", "brondatum_archiefprocedure": {"afleidingswijze": "afgehandeld", "datumkenmerk": "", "einddatum_bekend": false, "objecttype": "", "registratie": "", "procestermijn": null}}, {"url": "http://open-zaak.dev:8000/catalogi/api/v1/resultaattypen/85f98470-4e1f-47a9-ac43-131c6b9e428a", "zaaktype": "http://open-zaak.dev:8000/catalogi/api/v1/zaaktypen/fb019338-ffc5-4081-934e-e07dbebf5cf6", "omschrijving": "Afgebroken", "resultaattypeomschrijving": "https://selectielijst.openzaak.nl/api/v1/resultaattypeomschrijvingen/ce8cf476-0b59-496f-8eee-957a7c6e2506", "omschrijving_generiek": "Afgebroken", "selectielijstklasse": "https://selectielijst.openzaak.nl/api/v1/resultaten/6b2e6d05-5eab-4655-bcda-e6f3258e6e85", "toelichting": "", "archiefnominatie": "vernietigen", "archiefactietermijn": "P42D", "brondatum_archiefprocedure": {"afleidingswijze": "afgehandeld", "datumkenmerk": "", "einddatum_bekend": false, "objecttype": "", "registratie": "", "procestermijn": null}}, {"url": "http://open-zaak.dev:8000/catalogi/api/v1/resultaattypen/fcad1111-d3e4-4dfb-83c1-0260f1c962ab", "zaaktype": "http://open-zaak.dev:8000/catalogi/api/v1/zaaktypen/fb019338-ffc5-4081-934e-e07dbebf5cf6", "omschrijving": "Afgehandeld", "resultaattypeomschrijving": "https://selectielijst.openzaak.nl/api/v1/resultaattypeomschrijvingen/7cb315fb-4f7b-4a43-aca1-e4522e4c73b3", "omschrijving_generiek": "Afgehandeld", "selectielijstklasse": "https://selectielijst.openzaak.nl/api/v1/resultaten/e0e60015-84c5-4001-a8a0-1f3a87de0cfd", "toelichting": "", "archiefnominatie": "vernietigen", "archiefactietermijn": "P5479D", "brondatum_archiefprocedure": {"afleidingswijze": "afgehandeld", "datumkenmerk": "", "einddatum_bekend": false, "objecttype": "", "registratie": "", "procestermijn": null}}, {"url": "http://open-zaak.dev:8000/catalogi/api/v1/resultaattypen/8ccf4c54-7d59-4205-a383-2bf9ba3d94ab", "zaaktype": "http://open-zaak.dev:8000/catalogi/api/v1/zaaktypen/fb019338-ffc5-4081-934e-e07dbebf5cf6", "omschrijving": "Geweigerd", "resultaattypeomschrijving": "https://selectielijst.openzaak.nl/api/v1/resultaattypeomschrijvingen/1f750958-431c-4916-bc01-af5d3a753b41", "omschrijving_generiek": "Geweigerd", "selectielijstklasse": "https://selectielijst.openzaak.nl/api/v1/resultaten/51968c23-bde6-46a3-8b44-6551b776400c", "toelichting": "", "archiefnominatie": "vernietigen", "archiefactietermijn": "P1826D", "brondatum_archiefprocedure": {"afleidingswijze": "afgehandeld", "datumkenmerk": "", "einddatum_bekend": false, "objecttype": "", "registratie": "", "procestermijn": null}}, {"url": "http://open-zaak.dev:8000/catalogi/api/v1/resultaattypen/1c11cae1-f308-4882-a33f-ee5c5f8ba5f9", "zaaktype": "http://open-zaak.dev:8000/catalogi/api/v1/zaaktypen/5698a2ae-e4bf-4bf8-b8f4-ebdb8386bf06", "omschrijving": "Buiten behandeling g", "resultaattypeomschrijving": "https://selectielijst.openzaak.nl/api/v1/resultaattypeomschrijvingen/9c180d8b-2dd7-4a6f-89fa-7ba4d2f0cd8d", "omschrijving_generiek": "Niet vastgesteld", "selectielijstklasse": "https://selectielijst.openzaak.nl/api/v1/resultaten/51968c23-bde6-46a3-8b44-6551b776400c", "toelichting": "", "archiefnominatie": "vernietigen", "archiefactietermijn": "P1826D", "brondatum_archiefprocedure": {"afleidingswijze": "afgehandeld", "datumkenmerk": "", "einddatum_bekend": false, "objecttype": "", "registratie": "", "procestermijn": null}}, {"url": "http://open-zaak.dev:8000/catalogi/api/v1/resultaattypen/8db8b671-5f4f-4360-9eb9-5287d4c00335", "zaaktype": "http://open-zaak.dev:8000/catalogi/api/v1/zaaktypen/5698a2ae-e4bf-4bf8-b8f4-ebdb8386bf06", "omschrijving": "Afgebroken", "resultaattypeomschrijving": "https://selectielijst.openzaak.nl/api/v1/resultaattypeomschrijvingen/ce8cf476-0b59-496f-8eee-957a7c6e2506", "omschrijving_generiek": "Afgebroken", "selectielijstklasse": "https://selectielijst.openzaak.nl/api/v1/resultaten/6b2e6d05-5eab-4655-bcda-e6f3258e6e85", "toelichting": "", "archiefnominatie": "vernietigen", "archiefactietermijn": "P42D", "brondatum_archiefprocedure": {"afleidingswijze": "afgehandeld", "datumkenmerk": "", "einddatum_bekend": false, "objecttype": "", "registratie": "", "procestermijn": null}}, {"url": "http://open-zaak.dev:8000/catalogi/api/v1/resultaattypen/f2723475-de0e-4c8b-8fb3-3e399615d562", "zaaktype": "http://open-zaak.dev:8000/catalogi/api/v1/zaaktypen/5698a2ae-e4bf-4bf8-b8f4-ebdb8386bf06", "omschrijving": "Geweigerd", "resultaattypeomschrijving": "https://selectielijst.openzaak.nl/api/v1/resultaattypeomschrijvingen/1f750958-431c-4916-bc01-af5d3a753b41", "omschrijving_generiek": "Geweigerd", "selectielijstklasse": "https://selectielijst.openzaak.nl/api/v1/resultaten/51968c23-bde6-46a3-8b44-6551b776400c", "toelichting": "", "archiefnominatie": "vernietigen", "archiefactietermijn": "P1826D", "brondatum_archiefprocedure": {"afleidingswijze": "afgehandeld", "datumkenmerk": "", "einddatum_bekend": false, "objecttype": "", "registratie": "", "procestermijn": null}}, {"url": "http://open-zaak.dev:8000/catalogi/api/v1/resultaattypen/6d9ab13a-87e1-4641-930d-f9363380108e", "zaaktype": "http://open-zaak.dev:8000/catalogi/api/v1/zaaktypen/0faddca6-cac8-4c07-a535-a940ab0d711d", "omschrijving": "Afgebroken", "resultaattypeomschrijving": "https://selectielijst.openzaak.nl/api/v1/resultaattypeomschrijvingen/ce8cf476-0b59-496f-8eee-957a7c6e2506", "omschrijving_generiek": "Afgebroken", "selectielijstklasse": "https://selectielijst.openzaak.nl/api/v1/resultaten/6b2e6d05-5eab-4655-bcda-e6f3258e6e85", "toelichting": "", "archiefnominatie": "vernietigen", "archiefactietermijn": "P42D", "brondatum_archiefprocedure": {"afleidingswijze": "afgehandeld", "datumkenmerk": "", "einddatum_bekend": false, "objecttype": "", "registratie": "", "procestermijn": null}}, {"url": "http://open-zaak.dev:8000/catalogi/api/v1/resultaattypen/2ac9f892-a0f5-4d1e-820b-2b3a38a58f00", "zaaktype": "http://open-zaak.dev:8000/catalogi/api/v1/zaaktypen/0faddca6-cac8-4c07-a535-a940ab0d711d", "omschrijving": "Afgehandeld", "resultaattypeomschrijving": "https://selectielijst.openzaak.nl/api/v1/resultaattypeomschrijvingen/7cb315fb-4f7b-4a43-aca1-e4522e4c73b3", "omschrijving_generiek": "Afgehandeld", "selectielijstklasse": "https://selectielijst.openzaak.nl/api/v1/resultaten/dbd1fcc9-a420-4b2c-8bbe-21c11781435d", "toelichting": "", "archiefnominatie": "vernietigen", "archiefactietermijn": "P7305D", "brondatum_archiefprocedure": {"afleidingswijze": "afgehandeld", "datumkenmerk": "", "einddatum_bekend": false, "objecttype": "", "registratie": "", "procestermijn": null}}, {"url": "http://open-zaak.dev:8000/catalogi/api/v1/resultaattypen/338dc74e-eb9f-4438-bb1b-d74ba2bac146", "zaaktype": "http://open-zaak.dev:8000/catalogi/api/v1/zaaktypen/75c9dcdb-688a-4805-b9de-50bb9b8e653c", "omschrijving": "Verleend", "resultaattypeomschrijving": "https://selectielijst.openzaak.nl/api/v1/resultaattypeomschrijvingen/ce8cf476-0b59-496f-8eee-957a7c6e2506", "omschrijving_generiek": "Afgebroken", "selectielijstklasse": "https://selectielijst.openzaak.nl/api/v1/resultaten/2e0ff361-8887-44ed-a3fb-218c5645c2c3", "toelichting": "", "archiefnominatie": "blijvend_bewaren", "archiefactietermijn": null, "brondatum_archiefprocedure": {"afleidingswijze": "afgehandeld", "datumkenmerk": "", "einddatum_bekend": false, "objecttype": "", "registratie": "", "procestermijn": null}}, {"url": "http://open-zaak.dev:8000/catalogi/api/v1/resultaattypen/e433aecc-2b01-4b26-ac52-a93674ab75ce", "zaaktype": "http://open-zaak.dev:8000/catalogi/api/v1/zaaktypen/9c0d43bc-bd83-4cc1-b334-7eb2b3bc45b6", "omschrijving": "Afgehandeld", "resultaattypeomschrijving": "https://selectielijst.openzaak.nl/api/v1/resultaattypeomschrijvingen/7cb315fb-4f7b-4a43-aca1-e4522e4c73b3", "omschrijving_generiek": "Afgehandeld", "selectielijstklasse": "https://selectielijst.openzaak.nl/api/v1/resultaten/e0e60015-84c5-4001-a8a0-1f3a87de0cfd", "toelichting": "", "archiefnominatie": "vernietigen", "archiefactietermijn": "P5479D", "brondatum_archiefprocedure": {"afleidingswijze": "afgehandeld", "datumkenmerk": "", "einddatum_bekend": false, "objecttype": "", "registratie": "", "procestermijn": null}}, {"url": "http://open-zaak.dev:8000/catalogi/api/v1/resultaattypen/487476f4-5855-4770-8274-414c88d4fe3c", "zaaktype": "http://open-zaak.dev:8000/catalogi/api/v1/zaaktypen/9c0d43bc-bd83-4cc1-b334-7eb2b3bc45b6", "omschrijving": "Buiten behandeling g", "resultaattypeomschrijving": "https://selectielijst.openzaak.nl/api/v1/resultaattypeomschrijvingen/9c180d8b-2dd7-4a6f-89fa-7ba4d2f0cd8d", "omschrijving_generiek": "Niet vastgesteld", "selectielijstklasse": "https://selectielijst.openzaak.nl/api/v1/resultaten/51968c23-bde6-46a3-8b44-6551b776400c", "toelichting": "", "archiefnominatie": "vernietigen", "archiefactietermijn": "P1826D", "brondatum_archiefprocedure": {"afleidingswijze": "afgehandeld", "datumkenmerk": "", "einddatum_bekend": false, "objecttype": "", "registratie": "", "procestermijn": null}}]