[{"url": "http://open-zaak.dev:8000/catalogi/api/v1/roltypen/1903c86c-d6b1-46cf-8935-a292cafd56c2", "zaaktype": "http://open-zaak.dev:8000/catalogi/api/v1/zaaktypen/e6a329ac-850a-4855-ba07-f9fc223e9e05", "omschrijving": "OverigeBetrokkene", "omschrijving_generiek": "initiator"}, {"url": "http://open-zaak.dev:8000/catalogi/api/v1/roltypen/962d1145-d4ac-4c5e-9e95-a1ae98689285", "zaaktype": "http://open-zaak.dev:8000/catalogi/api/v1/zaaktypen/e6a329ac-850a-4855-ba07-f9fc223e9e05", "omschrijving": "Initiator", "omschrijving_generiek": "initiator"}, {"url": "http://open-zaak.dev:8000/catalogi/api/v1/roltypen/fda9d691-f7bd-40a0-a12b-30d520c7596f", "zaaktype": "http://open-zaak.dev:8000/catalogi/api/v1/zaaktypen/9c0d43bc-bd83-4cc1-b334-7eb2b3bc45b6", "omschrijving": "Verantwoordelijke", "omschrijving_generiek": "beslisser"}, {"url": "http://open-zaak.dev:8000/catalogi/api/v1/roltypen/ed0469fe-c0f7-4afd-8f7d-85008da4a8ac", "zaaktype": "http://open-zaak.dev:8000/catalogi/api/v1/zaaktypen/9c0d43bc-bd83-4cc1-b334-7eb2b3bc45b6", "omschrijving": "Uitvoerende", "omschrijving_generiek": "behandelaar"}, {"url": "http://open-zaak.dev:8000/catalogi/api/v1/roltypen/63a60f12-547c-45e6-ae1d-a6e81b4396ba", "zaaktype": "http://open-zaak.dev:8000/catalogi/api/v1/zaaktypen/0faddca6-cac8-4c07-a535-a940ab0d711d", "omschrijving": "BetrekkingOp", "omschrijving_generiek": "belanghebbende"}, {"url": "http://open-zaak.dev:8000/catalogi/api/v1/roltypen/1cbdfeb9-cee9-4ccc-8315-5cfa85ebbecf", "zaaktype": "http://open-zaak.dev:8000/catalogi/api/v1/zaaktypen/9f625985-0fe9-4cbf-a5a7-353a7f3167d1", "omschrijving": "Uitvoerende", "omschrijving_generiek": "behandelaar"}, {"url": "http://open-zaak.dev:8000/catalogi/api/v1/roltypen/184a1a7c-d9f5-4805-b174-310207f9039c", "zaaktype": "http://open-zaak.dev:8000/catalogi/api/v1/zaaktypen/9c0d43bc-bd83-4cc1-b334-7eb2b3bc45b6", "omschrijving": "Initiator", "omschrijving_generiek": "initiator"}, {"url": "http://open-zaak.dev:8000/catalogi/api/v1/roltypen/5486964c-e22c-42fd-b84d-b653ddcf1e04", "zaaktype": "http://open-zaak.dev:8000/catalogi/api/v1/zaaktypen/9c0d43bc-bd83-4cc1-b334-7eb2b3bc45b6", "omschrijving": "BetrekkingOp", "omschrijving_generiek": "belanghebbende"}, {"url": "http://open-zaak.dev:8000/catalogi/api/v1/roltypen/61909364-5566-47ee-b4ed-58b58c8fb27b", "zaaktype": "http://open-zaak.dev:8000/catalogi/api/v1/zaaktypen/9c0d43bc-bd83-4cc1-b334-7eb2b3bc45b6", "omschrijving": "Belanghebbende", "omschrijving_generiek": "belanghebbende"}, {"url": "http://open-zaak.dev:8000/catalogi/api/v1/roltypen/87aa4694-5dd5-4a29-b917-015bb16d32b5", "zaaktype": "http://open-zaak.dev:8000/catalogi/api/v1/zaaktypen/fb019338-ffc5-4081-934e-e07dbebf5cf6", "omschrijving": "Verantwoordelijke", "omschrijving_generiek": "beslisser"}, {"url": "http://open-zaak.dev:8000/catalogi/api/v1/roltypen/d38d7879-89fd-4e23-8eaa-9a01ccec0036", "zaaktype": "http://open-zaak.dev:8000/catalogi/api/v1/zaaktypen/fb019338-ffc5-4081-934e-e07dbebf5cf6", "omschrijving": "Uitvoerende", "omschrijving_generiek": "behandelaar"}, {"url": "http://open-zaak.dev:8000/catalogi/api/v1/roltypen/152f94fc-2032-4bb9-9f92-8fcfc32a9f0f", "zaaktype": "http://open-zaak.dev:8000/catalogi/api/v1/zaaktypen/fb019338-ffc5-4081-934e-e07dbebf5cf6", "omschrijving": "Initiator", "omschrijving_generiek": "initiator"}, {"url": "http://open-zaak.dev:8000/catalogi/api/v1/roltypen/1da20391-79c5-4801-80c0-339a4c1ddc29", "zaaktype": "http://open-zaak.dev:8000/catalogi/api/v1/zaaktypen/9f625985-0fe9-4cbf-a5a7-353a7f3167d1", "omschrijving": "Initiator", "omschrijving_generiek": "initiator"}, {"url": "http://open-zaak.dev:8000/catalogi/api/v1/roltypen/1443d27d-0974-4c23-af46-8a567034d281", "zaaktype": "http://open-zaak.dev:8000/catalogi/api/v1/zaaktypen/afd97fa7-e7f3-482a-af37-4f1d95f5dd11", "omschrijving": "Uitvoerende", "omschrijving_generiek": "beslisser"}, {"url": "http://open-zaak.dev:8000/catalogi/api/v1/roltypen/efd1412e-41c8-403a-9bf2-91439cff65bf", "zaaktype": "http://open-zaak.dev:8000/catalogi/api/v1/zaaktypen/afd97fa7-e7f3-482a-af37-4f1d95f5dd11", "omschrijving": "Initiator", "omschrijving_generiek": "initiator"}, {"url": "http://open-zaak.dev:8000/catalogi/api/v1/roltypen/d8f53d39-4ee6-456b-ae15-362368ef74f9", "zaaktype": "http://open-zaak.dev:8000/catalogi/api/v1/zaaktypen/fb019338-ffc5-4081-934e-e07dbebf5cf6", "omschrijving": "BetrekkingOp", "omschrijving_generiek": "belanghebbende"}, {"url": "http://open-zaak.dev:8000/catalogi/api/v1/roltypen/0db0253e-d119-4502-ab97-317f9b4901cc", "zaaktype": "http://open-zaak.dev:8000/catalogi/api/v1/zaaktypen/fb019338-ffc5-4081-934e-e07dbebf5cf6", "omschrijving": "Belanghebbende", "omschrijving_generiek": "belanghebbende"}, {"url": "http://open-zaak.dev:8000/catalogi/api/v1/roltypen/edd20d3e-d11b-42f1-a968-ba466bc2178d", "zaaktype": "http://open-zaak.dev:8000/catalogi/api/v1/zaaktypen/5698a2ae-e4bf-4bf8-b8f4-ebdb8386bf06", "omschrijving": "Belanghebbende", "omschrijving_generiek": "belanghebbende"}, {"url": "http://open-zaak.dev:8000/catalogi/api/v1/roltypen/a070468c-92d9-480d-b187-4ebe992e752b", "zaaktype": "http://open-zaak.dev:8000/catalogi/api/v1/zaaktypen/5698a2ae-e4bf-4bf8-b8f4-ebdb8386bf06", "omschrijving": "BetrekkingOp", "omschrijving_generiek": "belanghebbende"}, {"url": "http://open-zaak.dev:8000/catalogi/api/v1/roltypen/45c47ed2-fab4-43df-95ab-f1df0722b2ac", "zaaktype": "http://open-zaak.dev:8000/catalogi/api/v1/zaaktypen/5698a2ae-e4bf-4bf8-b8f4-ebdb8386bf06", "omschrijving": "Initiator", "omschrijving_generiek": "initiator"}, {"url": "http://open-zaak.dev:8000/catalogi/api/v1/roltypen/4ef194d5-b63b-4740-be08-39b2ab91f5b1", "zaaktype": "http://open-zaak.dev:8000/catalogi/api/v1/zaaktypen/afd97fa7-e7f3-482a-af37-4f1d95f5dd11", "omschrijving": "Behandelaar", "omschrijving_generiek": "behandelaar"}, {"url": "http://open-zaak.dev:8000/catalogi/api/v1/roltypen/f9fd9825-3bf8-4e3d-b8c5-dd19e13ad88b", "zaaktype": "http://open-zaak.dev:8000/catalogi/api/v1/zaaktypen/f6f3340b-0607-4b9c-afa6-ec102bacc35d", "omschrijving": "Belanghebbende", "omschrijving_generiek": "belanghebbende"}, {"url": "http://open-zaak.dev:8000/catalogi/api/v1/roltypen/6beb01e0-e843-4460-bb15-60b0fa254273", "zaaktype": "http://open-zaak.dev:8000/catalogi/api/v1/zaaktypen/f6f3340b-0607-4b9c-afa6-ec102bacc35d", "omschrijving": "Verantwoordelijke", "omschrijving_generiek": "beslisser"}, {"url": "http://open-zaak.dev:8000/catalogi/api/v1/roltypen/d8741e10-e305-4574-9861-686cde82b43a", "zaaktype": "http://open-zaak.dev:8000/catalogi/api/v1/zaaktypen/f6f3340b-0607-4b9c-afa6-ec102bacc35d", "omschrijving": "BetrekkingOp", "omschrijving_generiek": "belanghebbende"}, {"url": "http://open-zaak.dev:8000/catalogi/api/v1/roltypen/942ec5dd-5909-4671-a3df-bdf4635daac1", "zaaktype": "http://open-zaak.dev:8000/catalogi/api/v1/zaaktypen/f6f3340b-0607-4b9c-afa6-ec102bacc35d", "omschrijving": "Initiator", "omschrijving_generiek": "initiator"}, {"url": "http://open-zaak.dev:8000/catalogi/api/v1/roltypen/06616619-8759-445c-b9e3-ed277104a4e0", "zaaktype": "http://open-zaak.dev:8000/catalogi/api/v1/zaaktypen/f6f3340b-0607-4b9c-afa6-ec102bacc35d", "omschrijving": "Uitvoerende", "omschrijving_generiek": "belanghebbende"}, {"url": "http://open-zaak.dev:8000/catalogi/api/v1/roltypen/52f8a51a-286f-41d3-a1e7-ae748d9a6179", "zaaktype": "http://open-zaak.dev:8000/catalogi/api/v1/zaaktypen/2e226505-3a43-4c41-82c5-d97f26190033", "omschrijving": "Initiator", "omschrijving_generiek": "initiator"}, {"url": "http://open-zaak.dev:8000/catalogi/api/v1/roltypen/477f3b35-2e9e-44b5-b0fe-8f9484c33d98", "zaaktype": "http://open-zaak.dev:8000/catalogi/api/v1/zaaktypen/2e226505-3a43-4c41-82c5-d97f26190033", "omschrijving": "Uitvoerende", "omschrijving_generiek": "behandelaar"}, {"url": "http://open-zaak.dev:8000/catalogi/api/v1/roltypen/fb5afa4d-4c60-4421-9bb5-94cc9bc1779b", "zaaktype": "http://open-zaak.dev:8000/catalogi/api/v1/zaaktypen/75c9dcdb-688a-4805-b9de-50bb9b8e653c", "omschrijving": "Belanghebbende", "omschrijving_generiek": "belanghebbende"}, {"url": "http://open-zaak.dev:8000/catalogi/api/v1/roltypen/073f0bba-e867-4412-9f5d-99a263e33a48", "zaaktype": "http://open-zaak.dev:8000/catalogi/api/v1/zaaktypen/75c9dcdb-688a-4805-b9de-50bb9b8e653c", "omschrijving": "Initiator", "omschrijving_generiek": "initiator"}, {"url": "http://open-zaak.dev:8000/catalogi/api/v1/roltypen/361c6c25-19fc-4c14-ab89-c06c9c0613c4", "zaaktype": "http://open-zaak.dev:8000/catalogi/api/v1/zaaktypen/75c9dcdb-688a-4805-b9de-50bb9b8e653c", "omschrijving": "Behandelaar", "omschrijving_generiek": "behandelaar"}, {"url": "http://open-zaak.dev:8000/catalogi/api/v1/roltypen/ca32c2a8-91f6-4fa0-8aa3-043cd0145cf3", "zaaktype": "http://open-zaak.dev:8000/catalogi/api/v1/zaaktypen/e6a329ac-850a-4855-ba07-f9fc223e9e05", "omschrijving": "BetrekkingOp", "omschrijving_generiek": "initiator"}, {"url": "http://open-zaak.dev:8000/catalogi/api/v1/roltypen/9529cb65-188d-4b2a-a9a1-22dd144e89c0", "zaaktype": "http://open-zaak.dev:8000/catalogi/api/v1/zaaktypen/e6a329ac-850a-4855-ba07-f9fc223e9e05", "omschrijving": "Belanghebbende", "omschrijving_generiek": "belanghebbende"}, {"url": "http://open-zaak.dev:8000/catalogi/api/v1/roltypen/57087d99-b782-401e-8e12-5edd4b910722", "zaaktype": "http://open-zaak.dev:8000/catalogi/api/v1/zaaktypen/e6a329ac-850a-4855-ba07-f9fc223e9e05", "omschrijving": "Uitvoerende", "omschrijving_generiek": "behandelaar"}, {"url": "http://open-zaak.dev:8000/catalogi/api/v1/roltypen/99b27b92-99a7-4e93-96a3-5c9c6ded8e2d", "zaaktype": "http://open-zaak.dev:8000/catalogi/api/v1/zaaktypen/e6a329ac-850a-4855-ba07-f9fc223e9e05", "omschrijving": "Verantwoordelijke", "omschrijving_generiek": "beslisser"}, {"url": "http://open-zaak.dev:8000/catalogi/api/v1/roltypen/3ceb9cd0-5f08-4883-83c2-f82b7a497884", "zaaktype": "http://open-zaak.dev:8000/catalogi/api/v1/zaaktypen/e6a329ac-850a-4855-ba07-f9fc223e9e05", "omschrijving": "Gemachtigde", "omschrijving_generiek": "beslisser"}, {"url": "http://open-zaak.dev:8000/catalogi/api/v1/roltypen/a91af641-9799-479c-b546-b0ea848d8ba1", "zaaktype": "http://open-zaak.dev:8000/catalogi/api/v1/zaaktypen/5698a2ae-e4bf-4bf8-b8f4-ebdb8386bf06", "omschrijving": "Uitvoerende", "omschrijving_generiek": "behandelaar"}, {"url": "http://open-zaak.dev:8000/catalogi/api/v1/roltypen/33c8ca81-f1b9-4581-ade4-1291087d3849", "zaaktype": "http://open-zaak.dev:8000/catalogi/api/v1/zaaktypen/5698a2ae-e4bf-4bf8-b8f4-ebdb8386bf06", "omschrijving": "Verantwoordelijke", "omschrijving_generiek": "beslisser"}, {"url": "http://open-zaak.dev:8000/catalogi/api/v1/roltypen/3c38f0f4-4590-4a17-9e81-d53a68726c5d", "zaaktype": "http://open-zaak.dev:8000/catalogi/api/v1/zaaktypen/0faddca6-cac8-4c07-a535-a940ab0d711d", "omschrijving": "Belanghebbende", "omschrijving_generiek": "belanghebbende"}, {"url": "http://open-zaak.dev:8000/catalogi/api/v1/roltypen/2d4a3405-c05e-4727-af65-a9496c26264a", "zaaktype": "http://open-zaak.dev:8000/catalogi/api/v1/zaaktypen/0faddca6-cac8-4c07-a535-a940ab0d711d", "omschrijving": "Verantwoordelijke", "omschrijving_generiek": "beslisser"}, {"url": "http://open-zaak.dev:8000/catalogi/api/v1/roltypen/7edfec46-f146-4228-804e-37aafada7aed", "zaaktype": "http://open-zaak.dev:8000/catalogi/api/v1/zaaktypen/0faddca6-cac8-4c07-a535-a940ab0d711d", "omschrijving": "Uitvoerende", "omschrijving_generiek": "behandelaar"}, {"url": "http://open-zaak.dev:8000/catalogi/api/v1/roltypen/eb1f8611-5a52-4545-b778-ab6ae7b9324d", "zaaktype": "http://open-zaak.dev:8000/catalogi/api/v1/zaaktypen/0faddca6-cac8-4c07-a535-a940ab0d711d", "omschrijving": "Initiator", "omschrijving_generiek": "initiator"}]