[{"url": "http://open-zaak.dev:8000/catalogi/api/v1/statustypen/19647a8b-f70e-4ed7-9700-8a664c45b234", "omschrijving": "Afgehandeld", "omschrijving_generiek": "Afgehandeld", "statustekst": "", "zaaktype": "http://open-zaak.dev:8000/catalogi/api/v1/zaaktypen/9f625985-0fe9-4cbf-a5a7-353a7f3167d1", "volgnummer": 8, "is_eindstatus": true, "informeren": false}, {"url": "http://open-zaak.dev:8000/catalogi/api/v1/statustypen/157840cf-914e-4ac0-8886-0b7d746a8add", "omschrijving": "Gereed om af te halen op locatie Bolsward", "omschrijving_generiek": "Gereed om af te halen op locatie Bolsward", "statustekst": "", "zaaktype": "http://open-zaak.dev:8000/catalogi/api/v1/zaaktypen/9f625985-0fe9-4cbf-a5a7-353a7f3167d1", "volgnummer": 7, "is_eindstatus": false, "informeren": false}, {"url": "http://open-zaak.dev:8000/catalogi/api/v1/statustypen/f1e48390-0a6b-43d4-b5a9-87bb38f791fa", "omschrijving": "Gereed om af te halen op locatie Sneek", "omschrijving_generiek": "Gereed om af te halen op locatie Sneek", "statustekst": "", "zaaktype": "http://open-zaak.dev:8000/catalogi/api/v1/zaaktypen/9f625985-0fe9-4cbf-a5a7-353a7f3167d1", "volgnummer": 6, "is_eindstatus": false, "informeren": false}, {"url": "http://open-zaak.dev:8000/catalogi/api/v1/statustypen/c3adbad0-8090-4943-a52f-9172ade2fd3d", "omschrijving": "Rijbewijs in productie", "omschrijving_generiek": "Rijbewijs in productie", "statustekst": "", "zaaktype": "http://open-zaak.dev:8000/catalogi/api/v1/zaaktypen/9f625985-0fe9-4cbf-a5a7-353a7f3167d1", "volgnummer": 5, "is_eindstatus": false, "informeren": false}, {"url": "http://open-zaak.dev:8000/catalogi/api/v1/statustypen/78e43999-ddaf-4d96-9738-6cb92e7ab724", "omschrijving": "Aanvraag in behandeling genomen bij RDW", "omschrijving_generiek": "Aanvraag in behandeling genomen bij RDW", "statustekst": "", "zaaktype": "http://open-zaak.dev:8000/catalogi/api/v1/zaaktypen/9f625985-0fe9-4cbf-a5a7-353a7f3167d1", "volgnummer": 4, "is_eindstatus": false, "informeren": false}, {"url": "http://open-zaak.dev:8000/catalogi/api/v1/statustypen/59b4d28a-7fe3-4b06-89e8-c2206f2b8b46", "omschrijving": "Geregistreerd door RDW", "omschrijving_generiek": "Geregistreerd door RDW", "statustekst": "", "zaaktype": "http://open-zaak.dev:8000/catalogi/api/v1/zaaktypen/9f625985-0fe9-4cbf-a5a7-353a7f3167d1", "volgnummer": 3, "is_eindstatus": false, "informeren": false}, {"url": "http://open-zaak.dev:8000/catalogi/api/v1/statustypen/dbf51135-c575-4f78-b639-20b8caf767fe", "omschrijving": "Aanvraag verstuurd naar RDW", "omschrijving_generiek": "Aanvraag verstuurd naar RDW", "statustekst": "", "zaaktype": "http://open-zaak.dev:8000/catalogi/api/v1/zaaktypen/9f625985-0fe9-4cbf-a5a7-353a7f3167d1", "volgnummer": 2, "is_eindstatus": false, "informeren": false}, {"url": "http://open-zaak.dev:8000/catalogi/api/v1/statustypen/4e020d55-3688-44f5-94aa-e26388494428", "omschrijving": "Aanvraag in behandeling genomen", "omschrijving_generiek": "Aanvraag in behandeling genomen", "statustekst": "", "zaaktype": "http://open-zaak.dev:8000/catalogi/api/v1/zaaktypen/9f625985-0fe9-4cbf-a5a7-353a7f3167d1", "volgnummer": 1, "is_eindstatus": false, "informeren": false}, {"url": "http://open-zaak.dev:8000/catalogi/api/v1/statustypen/eefe94f8-8f1e-4f08-9535-1c526dd19cda", "omschrijving": "Afgehandeld", "omschrijving_generiek": "Afgehandeld", "statustekst": "", "zaaktype": "http://open-zaak.dev:8000/catalogi/api/v1/zaaktypen/afd97fa7-e7f3-482a-af37-4f1d95f5dd11", "volgnummer": 5, "is_eindstatus": true, "informeren": false}, {"url": "http://open-zaak.dev:8000/catalogi/api/v1/statustypen/aabda649-b5e4-4e2c-89fe-21966b0972dc", "omschrijving": "Uitvoering afgerond", "omschrijving_generiek": "Uitvoering afgerond", "statustekst": "", "zaaktype": "http://open-zaak.dev:8000/catalogi/api/v1/zaaktypen/afd97fa7-e7f3-482a-af37-4f1d95f5dd11", "volgnummer": 4, "is_eindstatus": false, "informeren": false}, {"url": "http://open-zaak.dev:8000/catalogi/api/v1/statustypen/76870334-c1d6-4b54-b315-bf82be14fcfd", "omschrijving": "In behandeling genomen", "omschrijving_generiek": "In behandeling genomen", "statustekst": "", "zaaktype": "http://open-zaak.dev:8000/catalogi/api/v1/zaaktypen/afd97fa7-e7f3-482a-af37-4f1d95f5dd11", "volgnummer": 3, "is_eindstatus": false, "informeren": false}, {"url": "http://open-zaak.dev:8000/catalogi/api/v1/statustypen/1cd629ba-20da-4904-9c84-06917feadac6", "omschrijving": "Geregistreerd", "omschrijving_generiek": "Geregistreerd", "statustekst": "", "zaaktype": "http://open-zaak.dev:8000/catalogi/api/v1/zaaktypen/afd97fa7-e7f3-482a-af37-4f1d95f5dd11", "volgnummer": 2, "is_eindstatus": false, "informeren": false}, {"url": "http://open-zaak.dev:8000/catalogi/api/v1/statustypen/f3f047ac-dc7c-4182-b439-3976e5df3674", "omschrijving": "Geaccepteerd", "omschrijving_generiek": "Geaccepteerd", "statustekst": "", "zaaktype": "http://open-zaak.dev:8000/catalogi/api/v1/zaaktypen/afd97fa7-e7f3-482a-af37-4f1d95f5dd11", "volgnummer": 1, "is_eindstatus": false, "informeren": false}, {"url": "http://open-zaak.dev:8000/catalogi/api/v1/statustypen/9971a138-7cec-4512-a74b-5cadb1905f03", "omschrijving": "Afgehandeld", "omschrijving_generiek": "Afgehandeld", "statustekst": "", "zaaktype": "http://open-zaak.dev:8000/catalogi/api/v1/zaaktypen/f6f3340b-0607-4b9c-afa6-ec102bacc35d", "volgnummer": 10, "is_eindstatus": true, "informeren": false}, {"url": "http://open-zaak.dev:8000/catalogi/api/v1/statustypen/2cd7f3ae-821f-4f04-b0ba-5ac37cd70ee2", "omschrijving": "Besluitvorming afgerond", "omschrijving_generiek": "Besluitvorming afgerond", "statustekst": "", "zaaktype": "http://open-zaak.dev:8000/catalogi/api/v1/zaaktypen/f6f3340b-0607-4b9c-afa6-ec102bacc35d", "volgnummer": 7, "is_eindstatus": false, "informeren": false}, {"url": "http://open-zaak.dev:8000/catalogi/api/v1/statustypen/eea7dc2a-eff6-4d85-b141-a50a8a971dcd", "omschrijving": "Voorstel voor besluitvorming opgesteld", "omschrijving_generiek": "Voorstel voor besluitvorming opgesteld", "statustekst": "", "zaaktype": "http://open-zaak.dev:8000/catalogi/api/v1/zaaktypen/f6f3340b-0607-4b9c-afa6-ec102bacc35d", "volgnummer": 6, "is_eindstatus": false, "informeren": false}, {"url": "http://open-zaak.dev:8000/catalogi/api/v1/statustypen/114854a4-b8f5-4903-841b-23015dd62e8f", "omschrijving": "Onderzoek afgerond", "omschrijving_generiek": "Onderzoek afgerond", "statustekst": "", "zaaktype": "http://open-zaak.dev:8000/catalogi/api/v1/zaaktypen/f6f3340b-0607-4b9c-afa6-ec102bacc35d", "volgnummer": 5, "is_eindstatus": false, "informeren": false}, {"url": "http://open-zaak.dev:8000/catalogi/api/v1/statustypen/d8548ae6-8d23-489b-be06-0f253080806b", "omschrijving": "In behandeling genomen", "omschrijving_generiek": "In behandeling genomen", "statustekst": "", "zaaktype": "http://open-zaak.dev:8000/catalogi/api/v1/zaaktypen/f6f3340b-0607-4b9c-afa6-ec102bacc35d", "volgnummer": 3, "is_eindstatus": false, "informeren": false}, {"url": "http://open-zaak.dev:8000/catalogi/api/v1/statustypen/52772f0b-bb66-4048-b388-582a9583404b", "omschrijving": "Geaccepteerd", "omschrijving_generiek": "Geaccepteerd", "statustekst": "", "zaaktype": "http://open-zaak.dev:8000/catalogi/api/v1/zaaktypen/f6f3340b-0607-4b9c-afa6-ec102bacc35d", "volgnummer": 2, "is_eindstatus": false, "informeren": false}, {"url": "http://open-zaak.dev:8000/catalogi/api/v1/statustypen/fc990c70-495c-41ab-8faa-2b90fbb89ffa", "omschrijving": "Ontvangen", "omschrijving_generiek": "Ontvangen", "statustekst": "", "zaaktype": "http://open-zaak.dev:8000/catalogi/api/v1/zaaktypen/f6f3340b-0607-4b9c-afa6-ec102bacc35d", "volgnummer": 1, "is_eindstatus": false, "informeren": false}, {"url": "http://open-zaak.dev:8000/catalogi/api/v1/statustypen/b9a64c45-3366-46b2-8f4a-75fdd4063159", "omschrijving": "Afgehandeld", "omschrijving_generiek": "Afgehandeld", "statustekst": "", "zaaktype": "http://open-zaak.dev:8000/catalogi/api/v1/zaaktypen/e6a329ac-850a-4855-ba07-f9fc223e9e05", "volgnummer": 4, "is_eindstatus": true, "informeren": false}, {"url": "http://open-zaak.dev:8000/catalogi/api/v1/statustypen/614cf170-57fc-4085-83b1-d01355595453", "omschrijving": "Aanvullende gegevens opgevraagd", "omschrijving_generiek": "Advies ingewonnen", "statustekst": "", "zaaktype": "http://open-zaak.dev:8000/catalogi/api/v1/zaaktypen/e6a329ac-850a-4855-ba07-f9fc223e9e05", "volgnummer": 3, "is_eindstatus": false, "informeren": false}, {"url": "http://open-zaak.dev:8000/catalogi/api/v1/statustypen/2ea08212-0677-47f1-a66f-b8ab99d3c0c8", "omschrijving": "In behandeling genomen", "omschrijving_generiek": "In behandeling genomen", "statustekst": "", "zaaktype": "http://open-zaak.dev:8000/catalogi/api/v1/zaaktypen/e6a329ac-850a-4855-ba07-f9fc223e9e05", "volgnummer": 2, "is_eindstatus": false, "informeren": false}, {"url": "http://open-zaak.dev:8000/catalogi/api/v1/statustypen/913be606-2464-41b0-88e2-8196297b053d", "omschrijving": "Geregistreerd", "omschrijving_generiek": "Ontvangen", "statustekst": "", "zaaktype": "http://open-zaak.dev:8000/catalogi/api/v1/zaaktypen/e6a329ac-850a-4855-ba07-f9fc223e9e05", "volgnummer": 1, "is_eindstatus": false, "informeren": true}, {"url": "http://open-zaak.dev:8000/catalogi/api/v1/statustypen/1aaefe6c-4ab8-44d4-b504-0cc273aaf0b3", "omschrijving": "Besluitvorming afgerond", "omschrijving_generiek": "Besluitvorming afgerond", "statustekst": "", "zaaktype": "http://open-zaak.dev:8000/catalogi/api/v1/zaaktypen/5698a2ae-e4bf-4bf8-b8f4-ebdb8386bf06", "volgnummer": 7, "is_eindstatus": true, "informeren": false}, {"url": "http://open-zaak.dev:8000/catalogi/api/v1/statustypen/85d3fb47-4f14-4421-9562-1603ce7451fa", "omschrijving": "Uitvoering afgerond", "omschrijving_generiek": "Uitvoering afgerond", "statustekst": "", "zaaktype": "http://open-zaak.dev:8000/catalogi/api/v1/zaaktypen/5698a2ae-e4bf-4bf8-b8f4-ebdb8386bf06", "volgnummer": 6, "is_eindstatus": false, "informeren": false}, {"url": "http://open-zaak.dev:8000/catalogi/api/v1/statustypen/51c763e4-78c8-4bfe-9311-79bacb0eae16", "omschrijving": "Onderzoek afgerond", "omschrijving_generiek": "Onderzoek afgerond", "statustekst": "", "zaaktype": "http://open-zaak.dev:8000/catalogi/api/v1/zaaktypen/5698a2ae-e4bf-4bf8-b8f4-ebdb8386bf06", "volgnummer": 5, "is_eindstatus": false, "informeren": false}, {"url": "http://open-zaak.dev:8000/catalogi/api/v1/statustypen/b88e700c-ce13-4c7a-a03d-623a92350c85", "omschrijving": "In behandeling genomen", "omschrijving_generiek": "In behandeling genomen", "statustekst": "", "zaaktype": "http://open-zaak.dev:8000/catalogi/api/v1/zaaktypen/5698a2ae-e4bf-4bf8-b8f4-ebdb8386bf06", "volgnummer": 4, "is_eindstatus": false, "informeren": false}, {"url": "http://open-zaak.dev:8000/catalogi/api/v1/statustypen/91715206-ffe9-49cb-983b-948a144e752b", "omschrijving": "Geregistreerd", "omschrijving_generiek": "Geregistreerd", "statustekst": "", "zaaktype": "http://open-zaak.dev:8000/catalogi/api/v1/zaaktypen/5698a2ae-e4bf-4bf8-b8f4-ebdb8386bf06", "volgnummer": 3, "is_eindstatus": false, "informeren": false}, {"url": "http://open-zaak.dev:8000/catalogi/api/v1/statustypen/9145f930-b300-4df2-a418-bd4961fad452", "omschrijving": "Geaccepteerd", "omschrijving_generiek": "Geaccepteerd", "statustekst": "", "zaaktype": "http://open-zaak.dev:8000/catalogi/api/v1/zaaktypen/5698a2ae-e4bf-4bf8-b8f4-ebdb8386bf06", "volgnummer": 2, "is_eindstatus": false, "informeren": false}, {"url": "http://open-zaak.dev:8000/catalogi/api/v1/statustypen/17709780-badc-411d-a206-3fa1bddf8348", "omschrijving": "Nieuw", "omschrijving_generiek": "Nieuw", "statustekst": "", "zaaktype": "http://open-zaak.dev:8000/catalogi/api/v1/zaaktypen/5698a2ae-e4bf-4bf8-b8f4-ebdb8386bf06", "volgnummer": 1, "is_eindstatus": false, "informeren": false}, {"url": "http://open-zaak.dev:8000/catalogi/api/v1/statustypen/a3844a20-6315-4671-b33c-d170a552641a", "omschrijving": "Afgehandeld", "omschrijving_generiek": "Afgehandeld", "statustekst": "", "zaaktype": "http://open-zaak.dev:8000/catalogi/api/v1/zaaktypen/fb019338-ffc5-4081-934e-e07dbebf5cf6", "volgnummer": 7, "is_eindstatus": true, "informeren": false}, {"url": "http://open-zaak.dev:8000/catalogi/api/v1/statustypen/28bdb49b-abb6-4d6c-90dc-1650c53a818f", "omschrijving": "Uitvoering afgerond", "omschrijving_generiek": "Uitvoering afgerond", "statustekst": "", "zaaktype": "http://open-zaak.dev:8000/catalogi/api/v1/zaaktypen/fb019338-ffc5-4081-934e-e07dbebf5cf6", "volgnummer": 6, "is_eindstatus": false, "informeren": false}, {"url": "http://open-zaak.dev:8000/catalogi/api/v1/statustypen/53bef262-5973-448f-8d4d-491dc17d3cf1", "omschrijving": "Onderzoek afgerond", "omschrijving_generiek": "Onderzoek afgerond", "statustekst": "", "zaaktype": "http://open-zaak.dev:8000/catalogi/api/v1/zaaktypen/fb019338-ffc5-4081-934e-e07dbebf5cf6", "volgnummer": 5, "is_eindstatus": false, "informeren": false}, {"url": "http://open-zaak.dev:8000/catalogi/api/v1/statustypen/b070352e-712d-4678-bdf4-2160f3c7c104", "omschrijving": "In behandeling genomen", "omschrijving_generiek": "In behandeling genomen", "statustekst": "", "zaaktype": "http://open-zaak.dev:8000/catalogi/api/v1/zaaktypen/fb019338-ffc5-4081-934e-e07dbebf5cf6", "volgnummer": 4, "is_eindstatus": false, "informeren": false}, {"url": "http://open-zaak.dev:8000/catalogi/api/v1/statustypen/e67bf5c7-b5da-4a97-a36f-43596bba2a3a", "omschrijving": "Geregistreerd", "omschrijving_generiek": "Geregistreerd", "statustekst": "", "zaaktype": "http://open-zaak.dev:8000/catalogi/api/v1/zaaktypen/fb019338-ffc5-4081-934e-e07dbebf5cf6", "volgnummer": 3, "is_eindstatus": false, "informeren": false}, {"url": "http://open-zaak.dev:8000/catalogi/api/v1/statustypen/8fe3f60e-1fee-44ec-9fbc-93e5c673a268", "omschrijving": "Geaccepteerd", "omschrijving_generiek": "Geaccepteerd", "statustekst": "", "zaaktype": "http://open-zaak.dev:8000/catalogi/api/v1/zaaktypen/fb019338-ffc5-4081-934e-e07dbebf5cf6", "volgnummer": 2, "is_eindstatus": false, "informeren": false}, {"url": "http://open-zaak.dev:8000/catalogi/api/v1/statustypen/56ee257c-be06-400d-b230-536e3ff4c590", "omschrijving": "Besluitvorming afgerond", "omschrijving_generiek": "Besluitvorming afgerond", "statustekst": "", "zaaktype": "http://open-zaak.dev:8000/catalogi/api/v1/zaaktypen/fb019338-ffc5-4081-934e-e07dbebf5cf6", "volgnummer": 1, "is_eindstatus": false, "informeren": false}, {"url": "http://open-zaak.dev:8000/catalogi/api/v1/statustypen/21417e3d-a59d-4ade-ad9f-4f30d1dce0b3", "omschrijving": "Afgehandeld", "omschrijving_generiek": "Afgehandeld", "statustekst": "", "zaaktype": "http://open-zaak.dev:8000/catalogi/api/v1/zaaktypen/2e226505-3a43-4c41-82c5-d97f26190033", "volgnummer": 8, "is_eindstatus": true, "informeren": false}, {"url": "http://open-zaak.dev:8000/catalogi/api/v1/statustypen/c2de4a5f-4d47-475a-9bc7-b65d465ac02e", "omschrijving": "Gereed om af te halen op locatie Bolsward", "omschrijving_generiek": "Gereed om af te halen op locatie Bolsward", "statustekst": "", "zaaktype": "http://open-zaak.dev:8000/catalogi/api/v1/zaaktypen/2e226505-3a43-4c41-82c5-d97f26190033", "volgnummer": 7, "is_eindstatus": false, "informeren": false}, {"url": "http://open-zaak.dev:8000/catalogi/api/v1/statustypen/c9deb452-a1b0-41bb-a106-5fa319ae7a68", "omschrijving": "Gereed om af te halen op locatie Sneek", "omschrijving_generiek": "Gereed om af te halen op locatie Sneek", "statustekst": "", "zaaktype": "http://open-zaak.dev:8000/catalogi/api/v1/zaaktypen/2e226505-3a43-4c41-82c5-d97f26190033", "volgnummer": 6, "is_eindstatus": false, "informeren": false}, {"url": "http://open-zaak.dev:8000/catalogi/api/v1/statustypen/54d04b80-df18-42a4-83e1-452dcc59e764", "omschrijving": "Rijbewijs in productie", "omschrijving_generiek": "Rijbewijs in productie", "statustekst": "", "zaaktype": "http://open-zaak.dev:8000/catalogi/api/v1/zaaktypen/2e226505-3a43-4c41-82c5-d97f26190033", "volgnummer": 5, "is_eindstatus": false, "informeren": false}, {"url": "http://open-zaak.dev:8000/catalogi/api/v1/statustypen/4d989af3-fdd3-482c-b003-33cc819e63d4", "omschrijving": "Aanvraag in behandeling genomen bij RDW", "omschrijving_generiek": "Aanvraag in behandeling genomen bij RDW", "statustekst": "", "zaaktype": "http://open-zaak.dev:8000/catalogi/api/v1/zaaktypen/2e226505-3a43-4c41-82c5-d97f26190033", "volgnummer": 4, "is_eindstatus": false, "informeren": false}, {"url": "http://open-zaak.dev:8000/catalogi/api/v1/statustypen/066ce5a6-0767-467c-8a55-ecdd578bc085", "omschrijving": "Geregistreerd door RDW", "omschrijving_generiek": "Geregistreerd door RDW", "statustekst": "", "zaaktype": "http://open-zaak.dev:8000/catalogi/api/v1/zaaktypen/2e226505-3a43-4c41-82c5-d97f26190033", "volgnummer": 3, "is_eindstatus": false, "informeren": false}, {"url": "http://open-zaak.dev:8000/catalogi/api/v1/statustypen/89d770ce-d708-4c0d-98de-6fa528dc3b97", "omschrijving": "Aanvraag verstuurd naar RDW", "omschrijving_generiek": "Aanvraag verstuurd naar RDW", "statustekst": "", "zaaktype": "http://open-zaak.dev:8000/catalogi/api/v1/zaaktypen/2e226505-3a43-4c41-82c5-d97f26190033", "volgnummer": 2, "is_eindstatus": false, "informeren": false}, {"url": "http://open-zaak.dev:8000/catalogi/api/v1/statustypen/8f32beda-f6a8-4f33-9fbb-b8bd0672e03e", "omschrijving": "Aanvraag in behandeling genomen", "omschrijving_generiek": "Aanvraag in behandeling genomen", "statustekst": "", "zaaktype": "http://open-zaak.dev:8000/catalogi/api/v1/zaaktypen/2e226505-3a43-4c41-82c5-d97f26190033", "volgnummer": 1, "is_eindstatus": false, "informeren": false}, {"url": "http://open-zaak.dev:8000/catalogi/api/v1/statustypen/904bae18-509d-40b6-bd05-9ca208ccce53", "omschrijving": "Afgehandeld", "omschrijving_generiek": "Afgehandeld", "statustekst": "", "zaaktype": "http://open-zaak.dev:8000/catalogi/api/v1/zaaktypen/0faddca6-cac8-4c07-a535-a940ab0d711d", "volgnummer": 5, "is_eindstatus": true, "informeren": false}, {"url": "http://open-zaak.dev:8000/catalogi/api/v1/statustypen/61b38923-72f1-4834-bebb-b3bd314a2fe9", "omschrijving": "Uitvoering afgerond", "omschrijving_generiek": "Uitvoering afgerond", "statustekst": "", "zaaktype": "http://open-zaak.dev:8000/catalogi/api/v1/zaaktypen/0faddca6-cac8-4c07-a535-a940ab0d711d", "volgnummer": 4, "is_eindstatus": false, "informeren": false}, {"url": "http://open-zaak.dev:8000/catalogi/api/v1/statustypen/cee2e6af-1d00-49af-bd69-807b9e8a1bb0", "omschrijving": "In behandeling genomen", "omschrijving_generiek": "In behandeling genomen", "statustekst": "", "zaaktype": "http://open-zaak.dev:8000/catalogi/api/v1/zaaktypen/0faddca6-cac8-4c07-a535-a940ab0d711d", "volgnummer": 3, "is_eindstatus": false, "informeren": false}, {"url": "http://open-zaak.dev:8000/catalogi/api/v1/statustypen/2ca2b5f4-cf5a-4dcb-a1cd-d0bac70a8dce", "omschrijving": "Geregistreerd", "omschrijving_generiek": "Geregistreerd", "statustekst": "", "zaaktype": "http://open-zaak.dev:8000/catalogi/api/v1/zaaktypen/0faddca6-cac8-4c07-a535-a940ab0d711d", "volgnummer": 2, "is_eindstatus": false, "informeren": false}, {"url": "http://open-zaak.dev:8000/catalogi/api/v1/statustypen/d475c50d-ba35-4f65-9dcf-21aefe4ce51d", "omschrijving": "Geaccepteerd", "omschrijving_generiek": "Geaccepteerd", "statustekst": "", "zaaktype": "http://open-zaak.dev:8000/catalogi/api/v1/zaaktypen/0faddca6-cac8-4c07-a535-a940ab0d711d", "volgnummer": 1, "is_eindstatus": false, "informeren": false}, {"url": "http://open-zaak.dev:8000/catalogi/api/v1/statustypen/deda3b1b-b995-4381-959e-b66ae815e4a1", "omschrijving": "Afgehandeld", "omschrijving_generiek": "Afgehandeld", "statustekst": "", "zaaktype": "http://open-zaak.dev:8000/catalogi/api/v1/zaaktypen/9c0d43bc-bd83-4cc1-b334-7eb2b3bc45b6", "volgnummer": 8, "is_eindstatus": true, "informeren": false}, {"url": "http://open-zaak.dev:8000/catalogi/api/v1/statustypen/c8cdf16a-b46e-4e91-be1a-326c5b216a78", "omschrijving": "Besluitvorming afgerond", "omschrijving_generiek": "Besluitvorming afgerond", "statustekst": "", "zaaktype": "http://open-zaak.dev:8000/catalogi/api/v1/zaaktypen/9c0d43bc-bd83-4cc1-b334-7eb2b3bc45b6", "volgnummer": 7, "is_eindstatus": false, "informeren": false}, {"url": "http://open-zaak.dev:8000/catalogi/api/v1/statustypen/74e2bde2-d621-4e6f-a29c-fc2eecf150c9", "omschrijving": "Uitvoering afgerond", "omschrijving_generiek": "Uitvoering afgerond", "statustekst": "", "zaaktype": "http://open-zaak.dev:8000/catalogi/api/v1/zaaktypen/9c0d43bc-bd83-4cc1-b334-7eb2b3bc45b6", "volgnummer": 6, "is_eindstatus": false, "informeren": false}, {"url": "http://open-zaak.dev:8000/catalogi/api/v1/statustypen/881847dd-d23c-47b8-af4d-b495796697e9", "omschrijving": "Onderzoek afgerond", "omschrijving_generiek": "Onderzoek afgerond", "statustekst": "", "zaaktype": "http://open-zaak.dev:8000/catalogi/api/v1/zaaktypen/9c0d43bc-bd83-4cc1-b334-7eb2b3bc45b6", "volgnummer": 5, "is_eindstatus": false, "informeren": false}, {"url": "http://open-zaak.dev:8000/catalogi/api/v1/statustypen/a7ff7479-c1fa-49fa-bc18-bbf6ec99a04b", "omschrijving": "In behandeling genomen", "omschrijving_generiek": "In behandeling genomen", "statustekst": "", "zaaktype": "http://open-zaak.dev:8000/catalogi/api/v1/zaaktypen/9c0d43bc-bd83-4cc1-b334-7eb2b3bc45b6", "volgnummer": 4, "is_eindstatus": false, "informeren": false}, {"url": "http://open-zaak.dev:8000/catalogi/api/v1/statustypen/98a967fa-8946-48da-82b6-89a9f79860f4", "omschrijving": "Geregistreerd", "omschrijving_generiek": "Geregistreerd", "statustekst": "", "zaaktype": "http://open-zaak.dev:8000/catalogi/api/v1/zaaktypen/9c0d43bc-bd83-4cc1-b334-7eb2b3bc45b6", "volgnummer": 3, "is_eindstatus": false, "informeren": false}, {"url": "http://open-zaak.dev:8000/catalogi/api/v1/statustypen/1abd4303-a090-477b-bdec-a6468fe49b50", "omschrijving": "Geaccepteerd", "omschrijving_generiek": "Geaccepteerd", "statustekst": "", "zaaktype": "http://open-zaak.dev:8000/catalogi/api/v1/zaaktypen/9c0d43bc-bd83-4cc1-b334-7eb2b3bc45b6", "volgnummer": 2, "is_eindstatus": false, "informeren": false}, {"url": "http://open-zaak.dev:8000/catalogi/api/v1/statustypen/08ceb1a2-71ac-46e8-869c-965debf1def9", "omschrijving": "Nieuw", "omschrijving_generiek": "Nieuw", "statustekst": "", "zaaktype": "http://open-zaak.dev:8000/catalogi/api/v1/zaaktypen/9c0d43bc-bd83-4cc1-b334-7eb2b3bc45b6", "volgnummer": 1, "is_eindstatus": false, "informeren": false}, {"url": "http://open-zaak.dev:8000/catalogi/api/v1/statustypen/faef0a30-1031-44a9-822c-4db82e162f48", "omschrijving": "Afgehandeld", "omschrijving_generiek": "Afgehandeld", "statustekst": "", "zaaktype": "http://open-zaak.dev:8000/catalogi/api/v1/zaaktypen/75c9dcdb-688a-4805-b9de-50bb9b8e653c", "volgnummer": 10, "is_eindstatus": true, "informeren": false}, {"url": "http://open-zaak.dev:8000/catalogi/api/v1/statustypen/5ade27a3-4ac8-42cb-b1db-198c593b9bb3", "omschrijving": "Ter inzage legging afgerond", "omschrijving_generiek": "Ter inzage legging afgerond", "statustekst": "", "zaaktype": "http://open-zaak.dev:8000/catalogi/api/v1/zaaktypen/75c9dcdb-688a-4805-b9de-50bb9b8e653c", "volgnummer": 9, "is_eindstatus": false, "informeren": false}, {"url": "http://open-zaak.dev:8000/catalogi/api/v1/statustypen/42a03460-74b1-44cc-addc-f5e9b5219562", "omschrijving": "Besluitvorming afgerond", "omschrijving_generiek": "Besluitvorming afgerond", "statustekst": "", "zaaktype": "http://open-zaak.dev:8000/catalogi/api/v1/zaaktypen/75c9dcdb-688a-4805-b9de-50bb9b8e653c", "volgnummer": 8, "is_eindstatus": false, "informeren": false}, {"url": "http://open-zaak.dev:8000/catalogi/api/v1/statustypen/f19ec3bd-19a7-485b-b272-e95247ee5a0a", "omschrijving": "Besluit genomen", "omschrijving_generiek": "Besluit genomen", "statustekst": "", "zaaktype": "http://open-zaak.dev:8000/catalogi/api/v1/zaaktypen/75c9dcdb-688a-4805-b9de-50bb9b8e653c", "volgnummer": 7, "is_eindstatus": false, "informeren": false}, {"url": "http://open-zaak.dev:8000/catalogi/api/v1/statustypen/a1fa2df8-4511-4973-b9dd-d56986b84dcf", "omschrijving": "Voorstel voor besluitvorming opgesteld", "omschrijving_generiek": "Voorstel voor besluitvorming opgesteld", "statustekst": "", "zaaktype": "http://open-zaak.dev:8000/catalogi/api/v1/zaaktypen/75c9dcdb-688a-4805-b9de-50bb9b8e653c", "volgnummer": 6, "is_eindstatus": false, "informeren": false}, {"url": "http://open-zaak.dev:8000/catalogi/api/v1/statustypen/af2b985c-024c-49b5-b834-087031eefae9", "omschrijving": "Voorstel voor besluitvorming", "omschrijving_generiek": "Voorstel voor besluitvorming", "statustekst": "", "zaaktype": "http://open-zaak.dev:8000/catalogi/api/v1/zaaktypen/75c9dcdb-688a-4805-b9de-50bb9b8e653c", "volgnummer": 5, "is_eindstatus": false, "informeren": false}, {"url": "http://open-zaak.dev:8000/catalogi/api/v1/statustypen/d84d7a78-4b36-4bd8-b116-e62aaec6bdd0", "omschrijving": "Intake afgerond", "omschrijving_generiek": "Intake afgerond", "statustekst": "", "zaaktype": "http://open-zaak.dev:8000/catalogi/api/v1/zaaktypen/75c9dcdb-688a-4805-b9de-50bb9b8e653c", "volgnummer": 4, "is_eindstatus": false, "informeren": false}, {"url": "http://open-zaak.dev:8000/catalogi/api/v1/statustypen/3c3ed865-fe11-4cfc-b156-bd9ef4755c65", "omschrijving": "In behandeling genomen", "omschrijving_generiek": "In behandeling genomen", "statustekst": "", "zaaktype": "http://open-zaak.dev:8000/catalogi/api/v1/zaaktypen/75c9dcdb-688a-4805-b9de-50bb9b8e653c", "volgnummer": 3, "is_eindstatus": false, "informeren": false}, {"url": "http://open-zaak.dev:8000/catalogi/api/v1/statustypen/c8445d74-8379-4e42-a927-1170aeda8db9", "omschrijving": "Getoetst op indieningsvereisten", "omschrijving_generiek": "Getoetst op indieningsvereisten", "statustekst": "", "zaaktype": "http://open-zaak.dev:8000/catalogi/api/v1/zaaktypen/75c9dcdb-688a-4805-b9de-50bb9b8e653c", "volgnummer": 2, "is_eindstatus": false, "informeren": false}, {"url": "http://open-zaak.dev:8000/catalogi/api/v1/statustypen/5a2bfbfb-5e16-4aac-8bf6-626b58d59802", "omschrijving": "Geregistreerd", "omschrijving_generiek": "Geregistreerd", "statustekst": "", "zaaktype": "http://open-zaak.dev:8000/catalogi/api/v1/zaaktypen/75c9dcdb-688a-4805-b9de-50bb9b8e653c", "volgnummer": 1, "is_eindstatus": false, "informeren": false}]