[{"url": "http://open-zaak.dev:8000/catalogi/api/v1/zaaktype-informatieobjecttypen/639d953d-4e8f-4518-97b2-95461de0b5db", "zaaktype": "http://open-zaak.dev:8000/catalogi/api/v1/zaaktypen/9c0d43bc-bd83-4cc1-b334-7eb2b3bc45b6", "informatieobjecttype": "http://open-zaak.dev:8000/catalogi/api/v1/informatieobjecttypen/104e4c62-9acc-4f23-bb75-42886dba97e8", "volgnummer": 1, "richting": "inkomend", "statustype": null}, {"url": "http://open-zaak.dev:8000/catalogi/api/v1/zaaktype-informatieobjecttypen/3e1254d3-a454-4fae-bf5c-9e798c949628", "zaaktype": "http://open-zaak.dev:8000/catalogi/api/v1/zaaktypen/5698a2ae-e4bf-4bf8-b8f4-ebdb8386bf06", "informatieobjecttype": "http://open-zaak.dev:8000/catalogi/api/v1/informatieobjecttypen/104e4c62-9acc-4f23-bb75-42886dba97e8", "volgnummer": 1, "richting": "inkomend", "statustype": null}, {"url": "http://open-zaak.dev:8000/catalogi/api/v1/zaaktype-informatieobjecttypen/f9627dd7-29b0-4240-868f-10415ca20930", "zaaktype": "http://open-zaak.dev:8000/catalogi/api/v1/zaaktypen/f6f3340b-0607-4b9c-afa6-ec102bacc35d", "informatieobjecttype": "http://open-zaak.dev:8000/catalogi/api/v1/informatieobjecttypen/990f8ceb-4413-46bc-a2ad-68aa05aa73e9", "volgnummer": 1, "richting": "intern", "statustype": null}]