[{"url": "http://open-zaak.dev:8000/catalogi/api/v1/catalogussen/4d69309e-9103-4bda-a5f2-1f2ace5ab730", "domein": "ETESD", "rsin": "548746485", "contactpersoon_beheer_naam": "Marcel Lenterman", "contactpersoon_beheer_telefoonnummer": "0636392161", "contactpersoon_beheer_emailadres": "marcel@wearefrank.nl", "zaaktypen": ["http://open-zaak.dev:8000/catalogi/api/v1/zaaktypen/63e63096-a2f1-4cab-831f-0a63109f0acf", "http://open-zaak.dev:8000/catalogi/api/v1/zaaktypen/ac828cf9-5ea2-428f-86f8-b66b23bc8382", "http://open-zaak.dev:8000/catalogi/api/v1/zaaktypen/afb88082-cd1e-4266-bb20-9b909fb88a9e", "http://open-zaak.dev:8000/catalogi/api/v1/zaaktypen/f7baaf19-1f0b-442e-b568-cf4e0025e76f", "http://open-zaak.dev:8000/catalogi/api/v1/zaaktypen/709e7a6f-2d9a-419d-ab7e-979bf0dd72b1", "http://open-zaak.dev:8000/catalogi/api/v1/zaaktypen/00027ed2-a498-417d-958a-939a6d86b3df", "http://open-zaak.dev:8000/catalogi/api/v1/zaaktypen/2e1d486f-c775-4efc-9ade-374fe8559dc3", "http://open-zaak.dev:8000/catalogi/api/v1/zaaktypen/357c04ae-910f-45b0-b708-56d8072aa748", "http://open-zaak.dev:8000/catalogi/api/v1/zaaktypen/19584694-77d1-4ed7-837f-5bfd1bf16a1e", "http://open-zaak.dev:8000/catalogi/api/v1/zaaktypen/53f6724e-5da3-4e01-8369-b69fa0d1ee97"], "besluittypen": [], "informatieobjecttypen": ["http://open-zaak.dev:8000/catalogi/api/v1/informatieobjecttypen/56051a76-f2c8-4292-8143-f1fe6b0519ec", "http://open-zaak.dev:8000/catalogi/api/v1/informatieobjecttypen/43bf8f2b-60de-43fa-b4ab-63cf6e654b4c"]}]