[{"url": "http://open-zaak.dev:8000/catalogi/api/v1/informatieobjecttypen/43bf8f2b-60de-43fa-b4ab-63cf6e654b4c", "catalogus": "http://open-zaak.dev:8000/catalogi/api/v1/catalogussen/4d69309e-9103-4bda-a5f2-1f2ace5ab730", "omschrijving": "Bijlage bij melding", "vertrouwelijkheidaanduiding": "zaakvertrouwelijk", "begin_geldigheid": "2021-08-05", "einde_geldigheid": null, "concept": false}, {"url": "http://open-zaak.dev:8000/catalogi/api/v1/informatieobjecttypen/56051a76-f2c8-4292-8143-f1fe6b0519ec", "catalogus": "http://open-zaak.dev:8000/catalogi/api/v1/catalogussen/4d69309e-9103-4bda-a5f2-1f2ace5ab730", "omschrijving": "Brief", "vertrouwelijkheidaanduiding": "intern", "begin_geldigheid": "2021-03-29", "einde_geldigheid": null, "concept": false}]