[{"url": "http://open-zaak.dev:8000/catalogi/api/v1/resultaattypen/550621d8-c08a-4ea5-952a-19250c5c038b", "zaaktype": "http://open-zaak.dev:8000/catalogi/api/v1/zaaktypen/ac828cf9-5ea2-428f-86f8-b66b23bc8382", "omschrijving": "Afgebroken", "resultaattypeomschrijving": "https://selectielijst.openzaak.nl/api/v1/resultaattypeomschrijvingen/ce8cf476-0b59-496f-8eee-957a7c6e2506", "omschrijving_generiek": "Afgebroken", "selectielijstklasse": "https://selectielijst.openzaak.nl/api/v1/resultaten/450c6aba-625e-4539-a1c3-3d71477113c7", "toelichting": "", "archiefnominatie": "vernietigen", "archiefactietermijn": "P365D", "brondatum_archiefprocedure": {"afleidingswijze": "afgehandeld", "datumkenmerk": "", "einddatum_bekend": false, "objecttype": "", "registratie": "", "procestermijn": null}}, {"url": "http://open-zaak.dev:8000/catalogi/api/v1/resultaattypen/7be8022f-d829-4503-a77a-2b184e69d92e", "zaaktype": "http://open-zaak.dev:8000/catalogi/api/v1/zaaktypen/ac828cf9-5ea2-428f-86f8-b66b23bc8382", "omschrijving": "Uitgevoerd", "resultaattypeomschrijving": "https://selectielijst.openzaak.nl/api/v1/resultaattypeomschrijvingen/f33dbd16-68ae-4820-acb5-5f437bca5edb", "omschrijving_generiek": "Verwerkt", "selectielijstklasse": "https://selectielijst.openzaak.nl/api/v1/resultaten/d52e6e2c-9a7a-403c-9b01-3e5ef1b052c9", "toelichting": "", "archiefnominatie": "vernietigen", "archiefactietermijn": "P365D", "brondatum_archiefprocedure": {"afleidingswijze": "afgehandeld", "datumkenmerk": "", "einddatum_bekend": false, "objecttype": "", "registratie": "", "procestermijn": null}}, {"url": "http://open-zaak.dev:8000/catalogi/api/v1/resultaattypen/49748aaf-cabd-4b5e-be22-a4b6f1f03936", "zaaktype": "http://open-zaak.dev:8000/catalogi/api/v1/zaaktypen/f7baaf19-1f0b-442e-b568-cf4e0025e76f", "omschrijving": "Afgewezen", "resultaattypeomschrijving": "https://selectielijst.openzaak.nl/api/v1/resultaattypeomschrijvingen/1f750958-431c-4916-bc01-af5d3a753b41", "omschrijving_generiek": "Geweigerd", "selectielijstklasse": "https://selectielijst.openzaak.nl/api/v1/resultaten/cf0c6097-dd84-4e01-8401-28403ab738b0", "toelichting": "", "archiefnominatie": "vernietigen", "archiefactietermijn": "P5Y", "brondatum_archiefprocedure": {"afleidingswijze": "afgehandeld", "datumkenmerk": "", "einddatum_bekend": false, "objecttype": "", "registratie": "", "procestermijn": null}}, {"url": "http://open-zaak.dev:8000/catalogi/api/v1/resultaattypen/4c034561-16f4-4804-804f-7f2d9e74ecae", "zaaktype": "http://open-zaak.dev:8000/catalogi/api/v1/zaaktypen/f7baaf19-1f0b-442e-b568-cf4e0025e76f", "omschrijving": "Buiten behandeling", "resultaattypeomschrijving": "https://selectielijst.openzaak.nl/api/v1/resultaattypeomschrijvingen/ce8cf476-0b59-496f-8eee-957a7c6e2506", "omschrijving_generiek": "Afgebroken", "selectielijstklasse": "https://selectielijst.openzaak.nl/api/v1/resultaten/733f7553-fb30-4e68-8aa6-2d211de84fb7", "toelichting": "In de applicatie is dit 'Buiten behandeling laten' maar dat is te lang,maximaal 20 karakters bij \"Omschrijving\"", "archiefnominatie": "vernietigen", "archiefactietermijn": "P5Y", "brondatum_archiefprocedure": {"afleidingswijze": "afgehandeld", "datumkenmerk": "", "einddatum_bekend": false, "objecttype": "", "registratie": "", "procestermijn": null}}, {"url": "http://open-zaak.dev:8000/catalogi/api/v1/resultaattypen/f1c9addd-e225-4941-8cf0-00cd7b711ae2", "zaaktype": "http://open-zaak.dev:8000/catalogi/api/v1/zaaktypen/f7baaf19-1f0b-442e-b568-cf4e0025e76f", "omschrijving": "Ingetrokken", "resultaattypeomschrijving": "https://selectielijst.openzaak.nl/api/v1/resultaattypeomschrijvingen/a6a0bd73-262a-401a-b629-9c4a908c69b5", "omschrijving_generiek": "Ingetrokken", "selectielijstklasse": "https://selectielijst.openzaak.nl/api/v1/resultaten/f58c98a3-9794-43a5-a626-99c271455421", "toelichting": "Moet zijn 'Ingetrokken door client' omdat de \"Omschrijving\" max. 20 karakter kan bevatten.", "archiefnominatie": "vernietigen", "archiefactietermijn": "P42D", "brondatum_archiefprocedure": {"afleidingswijze": "afgehandeld", "datumkenmerk": "", "einddatum_bekend": false, "objecttype": "", "registratie": "", "procestermijn": null}}, {"url": "http://open-zaak.dev:8000/catalogi/api/v1/resultaattypen/caf1ed0c-4beb-4aff-891a-68ced956c338", "zaaktype": "http://open-zaak.dev:8000/catalogi/api/v1/zaaktypen/f7baaf19-1f0b-442e-b568-cf4e0025e76f", "omschrijving": "Toekenning", "resultaattypeomschrijving": "https://selectielijst.openzaak.nl/api/v1/resultaattypeomschrijvingen/fb65d251-1518-4185-865f-b8bdcfad07b1", "omschrijving_generiek": "Toegekend", "selectielijstklasse": "https://selectielijst.openzaak.nl/api/v1/resultaten/42cd3baf-7b4f-42da-978f-a3d1945f58e5", "toelichting": "Ander datumkenmerk: na be\u00ebindiging voorziening in registratie 'Inkomensvoorzieningen'", "archiefnominatie": "vernietigen", "archiefactietermijn": "P10Y", "brondatum_archiefprocedure": {"afleidingswijze": "afgehandeld", "datumkenmerk": "", "einddatum_bekend": false, "objecttype": "", "registratie": "", "procestermijn": null}}, {"url": "http://open-zaak.dev:8000/catalogi/api/v1/resultaattypen/3371c1b9-b8f6-4a46-9a37-955912a809ab", "zaaktype": "http://open-zaak.dev:8000/catalogi/api/v1/zaaktypen/afb88082-cd1e-4266-bb20-9b909fb88a9e", "omschrijving": "Buiten behandeling g", "resultaattypeomschrijving": "https://selectielijst.openzaak.nl/api/v1/resultaattypeomschrijvingen/a6a0bd73-262a-401a-b629-9c4a908c69b5", "omschrijving_generiek": "Ingetrokken", "selectielijstklasse": "https://selectielijst.openzaak.nl/api/v1/resultaten/4811c2bc-3255-4cd4-a00a-7ed59223b8b1", "toelichting": "", "archiefnominatie": "vernietigen", "archiefactietermijn": "P1826D", "brondatum_archiefprocedure": {"afleidingswijze": "afgehandeld", "datumkenmerk": "", "einddatum_bekend": false, "objecttype": "", "registratie": "", "procestermijn": null}}, {"url": "http://open-zaak.dev:8000/catalogi/api/v1/resultaattypen/13aa543a-0e4d-4cb9-b9b4-5dc5d2e582d1", "zaaktype": "http://open-zaak.dev:8000/catalogi/api/v1/zaaktypen/afb88082-cd1e-4266-bb20-9b909fb88a9e", "omschrijving": "Toegekend", "resultaattypeomschrijving": "https://selectielijst.openzaak.nl/api/v1/resultaattypeomschrijvingen/ce8cf476-0b59-496f-8eee-957a7c6e2506", "omschrijving_generiek": "Afgebroken", "selectielijstklasse": "https://selectielijst.openzaak.nl/api/v1/resultaten/afa30940-855b-4a7e-aa21-9e15a8078814", "toelichting": "", "archiefnominatie": "vernietigen", "archiefactietermijn": "P3652D", "brondatum_archiefprocedure": {"afleidingswijze": "afgehandeld", "datumkenmerk": "", "einddatum_bekend": false, "objecttype": "", "registratie": "", "procestermijn": null}}, {"url": "http://open-zaak.dev:8000/catalogi/api/v1/resultaattypen/f6855d6d-0ede-49d3-862e-fa673e2d35c0", "zaaktype": "http://open-zaak.dev:8000/catalogi/api/v1/zaaktypen/53f6724e-5da3-4e01-8369-b69fa0d1ee97", "omschrijving": "Buiten behandeling", "resultaattypeomschrijving": "https://selectielijst.openzaak.nl/api/v1/resultaattypeomschrijvingen/ce8cf476-0b59-496f-8eee-957a7c6e2506", "omschrijving_generiek": "Afgebroken", "selectielijstklasse": "https://selectielijst.openzaak.nl/api/v1/resultaten/f572cb0e-244a-4682-b57e-0c044c468387", "toelichting": "", "archiefnominatie": "vernietigen", "archiefactietermijn": "P1826D", "brondatum_archiefprocedure": {"afleidingswijze": "afgehandeld", "datumkenmerk": "", "einddatum_bekend": false, "objecttype": "", "registratie": "", "procestermijn": null}}, {"url": "http://open-zaak.dev:8000/catalogi/api/v1/resultaattypen/4553f0b3-4c23-4635-9ffd-b502f31c98a4", "zaaktype": "http://open-zaak.dev:8000/catalogi/api/v1/zaaktypen/2e1d486f-c775-4efc-9ade-374fe8559dc3", "omschrijving": "Aanvraag geannuleerd", "resultaattypeomschrijving": "https://selectielijst.openzaak.nl/api/v1/resultaattypeomschrijvingen/ce8cf476-0b59-496f-8eee-957a7c6e2506", "omschrijving_generiek": "Afgebroken", "selectielijstklasse": "https://selectielijst.openzaak.nl/api/v1/resultaten/733f7553-fb30-4e68-8aa6-2d211de84fb7", "toelichting": "", "archiefnominatie": "vernietigen", "archiefactietermijn": "P365D", "brondatum_archiefprocedure": {"afleidingswijze": "afgehandeld", "datumkenmerk": "", "einddatum_bekend": false, "objecttype": "", "registratie": "", "procestermijn": null}}, {"url": "http://open-zaak.dev:8000/catalogi/api/v1/resultaattypen/64deb00b-5f62-4472-8d07-3d53380f0eed", "zaaktype": "http://open-zaak.dev:8000/catalogi/api/v1/zaaktypen/2e1d486f-c775-4efc-9ade-374fe8559dc3", "omschrijving": "Aanvraag afgewezen", "resultaattypeomschrijving": "https://selectielijst.openzaak.nl/api/v1/resultaattypeomschrijvingen/ce8cf476-0b59-496f-8eee-957a7c6e2506", "omschrijving_generiek": "Afgebroken", "selectielijstklasse": "https://selectielijst.openzaak.nl/api/v1/resultaten/733f7553-fb30-4e68-8aa6-2d211de84fb7", "toelichting": "", "archiefnominatie": "vernietigen", "archiefactietermijn": "P365D", "brondatum_archiefprocedure": {"afleidingswijze": "afgehandeld", "datumkenmerk": "", "einddatum_bekend": false, "objecttype": "", "registratie": "", "procestermijn": null}}, {"url": "http://open-zaak.dev:8000/catalogi/api/v1/resultaattypen/9de58c42-64d9-428b-9e83-1a704055bbf9", "zaaktype": "http://open-zaak.dev:8000/catalogi/api/v1/zaaktypen/2e1d486f-c775-4efc-9ade-374fe8559dc3", "omschrijving": "Uitgereikt", "resultaattypeomschrijving": "https://selectielijst.openzaak.nl/api/v1/resultaattypeomschrijvingen/f33dbd16-68ae-4820-acb5-5f437bca5edb", "omschrijving_generiek": "Verwerkt", "selectielijstklasse": "https://selectielijst.openzaak.nl/api/v1/resultaten/b3e2368f-65c7-4764-b7bf-f0d025c7609b", "toelichting": "", "archiefnominatie": "vernietigen", "archiefactietermijn": "P4018D", "brondatum_archiefprocedure": {"afleidingswijze": "hoofdzaak", "datumkenmerk": "", "einddatum_bekend": false, "objecttype": "", "registratie": "", "procestermijn": null}}, {"url": "http://open-zaak.dev:8000/catalogi/api/v1/resultaattypen/cd1b2b74-9086-49d2-be88-4300d4ab0706", "zaaktype": "http://open-zaak.dev:8000/catalogi/api/v1/zaaktypen/2e1d486f-c775-4efc-9ade-374fe8559dc3", "omschrijving": "Niet uitgereikt", "resultaattypeomschrijving": "https://selectielijst.openzaak.nl/api/v1/resultaattypeomschrijvingen/a6a0bd73-262a-401a-b629-9c4a908c69b5", "omschrijving_generiek": "Ingetrokken", "selectielijstklasse": "https://selectielijst.openzaak.nl/api/v1/resultaten/cf0c6097-dd84-4e01-8401-28403ab738b0", "toelichting": "", "archiefnominatie": "vernietigen", "archiefactietermijn": "P365D", "brondatum_archiefprocedure": {"afleidingswijze": "afgehandeld", "datumkenmerk": "", "einddatum_bekend": false, "objecttype": "", "registratie": "", "procestermijn": null}}, {"url": "http://open-zaak.dev:8000/catalogi/api/v1/resultaattypen/ebcaf181-1020-449c-8fa8-c6e4c5f1d21e", "zaaktype": "http://open-zaak.dev:8000/catalogi/api/v1/zaaktypen/2e1d486f-c775-4efc-9ade-374fe8559dc3", "omschrijving": "Geleverd voor 5 jaar", "resultaattypeomschrijving": "https://selectielijst.openzaak.nl/api/v1/resultaattypeomschrijvingen/f33dbd16-68ae-4820-acb5-5f437bca5edb", "omschrijving_generiek": "Verwerkt", "selectielijstklasse": "https://selectielijst.openzaak.nl/api/v1/resultaten/b3e2368f-65c7-4764-b7bf-f0d025c7609b", "toelichting": "", "archiefnominatie": "vernietigen", "archiefactietermijn": "P2191D", "brondatum_archiefprocedure": {"afleidingswijze": "hoofdzaak", "datumkenmerk": "", "einddatum_bekend": false, "objecttype": "", "registratie": "", "procestermijn": null}}, {"url": "http://open-zaak.dev:8000/catalogi/api/v1/resultaattypen/ccf5e550-1cbf-4215-bda7-d25a75d28ec8", "zaaktype": "http://open-zaak.dev:8000/catalogi/api/v1/zaaktypen/63e63096-a2f1-4cab-831f-0a63109f0acf", "omschrijving": "Aanvraag afgewezen", "resultaattypeomschrijving": "https://selectielijst.openzaak.nl/api/v1/resultaattypeomschrijvingen/ce8cf476-0b59-496f-8eee-957a7c6e2506", "omschrijving_generiek": "Afgebroken", "selectielijstklasse": "https://selectielijst.openzaak.nl/api/v1/resultaten/733f7553-fb30-4e68-8aa6-2d211de84fb7", "toelichting": "", "archiefnominatie": "vernietigen", "archiefactietermijn": "P365D", "brondatum_archiefprocedure": {"afleidingswijze": "afgehandeld", "datumkenmerk": "", "einddatum_bekend": false, "objecttype": "", "registratie": "", "procestermijn": null}}, {"url": "http://open-zaak.dev:8000/catalogi/api/v1/resultaattypen/c889f5bc-04b7-4d09-8b66-0fb4cdf9a599", "zaaktype": "http://open-zaak.dev:8000/catalogi/api/v1/zaaktypen/63e63096-a2f1-4cab-831f-0a63109f0acf", "omschrijving": "Aanvraag geannuleerd", "resultaattypeomschrijving": "https://selectielijst.openzaak.nl/api/v1/resultaattypeomschrijvingen/ce8cf476-0b59-496f-8eee-957a7c6e2506", "omschrijving_generiek": "Afgebroken", "selectielijstklasse": "https://selectielijst.openzaak.nl/api/v1/resultaten/733f7553-fb30-4e68-8aa6-2d211de84fb7", "toelichting": "", "archiefnominatie": "vernietigen", "archiefactietermijn": "P365D", "brondatum_archiefprocedure": {"afleidingswijze": "afgehandeld", "datumkenmerk": "", "einddatum_bekend": false, "objecttype": "", "registratie": "", "procestermijn": null}}, {"url": "http://open-zaak.dev:8000/catalogi/api/v1/resultaattypen/f73936de-4d1d-4764-82c7-a3f9d02f07de", "zaaktype": "http://open-zaak.dev:8000/catalogi/api/v1/zaaktypen/63e63096-a2f1-4cab-831f-0a63109f0acf", "omschrijving": "Geleverd voor 5 jaar", "resultaattypeomschrijving": "https://selectielijst.openzaak.nl/api/v1/resultaattypeomschrijvingen/f33dbd16-68ae-4820-acb5-5f437bca5edb", "omschrijving_generiek": "Verwerkt", "selectielijstklasse": "https://selectielijst.openzaak.nl/api/v1/resultaten/b3e2368f-65c7-4764-b7bf-f0d025c7609b", "toelichting": "", "archiefnominatie": "vernietigen", "archiefactietermijn": "P2191D", "brondatum_archiefprocedure": {"afleidingswijze": "hoofdzaak", "datumkenmerk": "", "einddatum_bekend": false, "objecttype": "", "registratie": "", "procestermijn": null}}, {"url": "http://open-zaak.dev:8000/catalogi/api/v1/resultaattypen/70f207ba-23f4-4d9d-ab1e-a14d08384875", "zaaktype": "http://open-zaak.dev:8000/catalogi/api/v1/zaaktypen/63e63096-a2f1-4cab-831f-0a63109f0acf", "omschrijving": "Niet uitgereikt", "resultaattypeomschrijving": "https://selectielijst.openzaak.nl/api/v1/resultaattypeomschrijvingen/a6a0bd73-262a-401a-b629-9c4a908c69b5", "omschrijving_generiek": "Ingetrokken", "selectielijstklasse": "https://selectielijst.openzaak.nl/api/v1/resultaten/cf0c6097-dd84-4e01-8401-28403ab738b0", "toelichting": "", "archiefnominatie": "vernietigen", "archiefactietermijn": "P365D", "brondatum_archiefprocedure": {"afleidingswijze": "afgehandeld", "datumkenmerk": "", "einddatum_bekend": false, "objecttype": "", "registratie": "", "procestermijn": null}}, {"url": "http://open-zaak.dev:8000/catalogi/api/v1/resultaattypen/211c9826-b386-44d7-982a-c5ec7584707d", "zaaktype": "http://open-zaak.dev:8000/catalogi/api/v1/zaaktypen/63e63096-a2f1-4cab-831f-0a63109f0acf", "omschrijving": "Uitgereikt", "resultaattypeomschrijving": "https://selectielijst.openzaak.nl/api/v1/resultaattypeomschrijvingen/f33dbd16-68ae-4820-acb5-5f437bca5edb", "omschrijving_generiek": "Verwerkt", "selectielijstklasse": "https://selectielijst.openzaak.nl/api/v1/resultaten/b3e2368f-65c7-4764-b7bf-f0d025c7609b", "toelichting": "", "archiefnominatie": "vernietigen", "archiefactietermijn": "P4018D", "brondatum_archiefprocedure": {"afleidingswijze": "hoofdzaak", "datumkenmerk": "", "einddatum_bekend": false, "objecttype": "", "registratie": "", "procestermijn": null}}, {"url": "http://open-zaak.dev:8000/catalogi/api/v1/resultaattypen/49238ab9-aeb4-46bf-9fb6-1604d3cfcf43", "zaaktype": "http://open-zaak.dev:8000/catalogi/api/v1/zaaktypen/709e7a6f-2d9a-419d-ab7e-979bf0dd72b1", "omschrijving": "Afgehandeld", "resultaattypeomschrijving": "https://selectielijst.openzaak.nl/api/v1/resultaattypeomschrijvingen/7cb315fb-4f7b-4a43-aca1-e4522e4c73b3", "omschrijving_generiek": "Afgehandeld", "selectielijstklasse": "https://selectielijst.openzaak.nl/api/v1/resultaten/e0e60015-84c5-4001-a8a0-1f3a87de0cfd", "toelichting": "", "archiefnominatie": "vernietigen", "archiefactietermijn": "P5479D", "brondatum_archiefprocedure": {"afleidingswijze": "afgehandeld", "datumkenmerk": "", "einddatum_bekend": false, "objecttype": "", "registratie": "", "procestermijn": null}}, {"url": "http://open-zaak.dev:8000/catalogi/api/v1/resultaattypen/25f335c7-a6ab-4931-8ee0-0e24e80641d0", "zaaktype": "http://open-zaak.dev:8000/catalogi/api/v1/zaaktypen/53f6724e-5da3-4e01-8369-b69fa0d1ee97", "omschrijving": "Ingetrokken", "resultaattypeomschrijving": "https://selectielijst.openzaak.nl/api/v1/resultaattypeomschrijvingen/a6a0bd73-262a-401a-b629-9c4a908c69b5", "omschrijving_generiek": "Ingetrokken", "selectielijstklasse": "https://selectielijst.openzaak.nl/api/v1/resultaten/12421a71-3dc3-42df-a0dc-820c1744c7b7", "toelichting": "", "archiefnominatie": "vernietigen", "archiefactietermijn": "P365D", "brondatum_archiefprocedure": {"afleidingswijze": "afgehandeld", "datumkenmerk": "", "einddatum_bekend": false, "objecttype": "", "registratie": "", "procestermijn": null}}, {"url": "http://open-zaak.dev:8000/catalogi/api/v1/resultaattypen/b152e43b-2d15-424b-a5b8-9f12721a77f1", "zaaktype": "http://open-zaak.dev:8000/catalogi/api/v1/zaaktypen/53f6724e-5da3-4e01-8369-b69fa0d1ee97", "omschrijving": "Niet verleend", "resultaattypeomschrijving": "https://selectielijst.openzaak.nl/api/v1/resultaattypeomschrijvingen/ce8cf476-0b59-496f-8eee-957a7c6e2506", "omschrijving_generiek": "Afgebroken", "selectielijstklasse": "https://selectielijst.openzaak.nl/api/v1/resultaten/f572cb0e-244a-4682-b57e-0c044c468387", "toelichting": "", "archiefnominatie": "vernietigen", "archiefactietermijn": "P1826D", "brondatum_archiefprocedure": {"afleidingswijze": "afgehandeld", "datumkenmerk": "", "einddatum_bekend": false, "objecttype": "", "registratie": "", "procestermijn": null}}, {"url": "http://open-zaak.dev:8000/catalogi/api/v1/resultaattypen/a5cd1160-4bf8-4afb-8066-b92475b1be95", "zaaktype": "http://open-zaak.dev:8000/catalogi/api/v1/zaaktypen/53f6724e-5da3-4e01-8369-b69fa0d1ee97", "omschrijving": "Vergunningvrij", "resultaattypeomschrijving": "https://selectielijst.openzaak.nl/api/v1/resultaattypeomschrijvingen/f7d2dc14-1b71-4179-aed3-4e7abcfbeb0d", "omschrijving_generiek": "Verleend", "selectielijstklasse": "https://selectielijst.openzaak.nl/api/v1/resultaten/2e0ff361-8887-44ed-a3fb-218c5645c2c3", "toelichting": "", "archiefnominatie": "blijvend_bewaren", "archiefactietermijn": null, "brondatum_archiefprocedure": {"afleidingswijze": "afgehandeld", "datumkenmerk": "", "einddatum_bekend": false, "objecttype": "", "registratie": "", "procestermijn": null}}, {"url": "http://open-zaak.dev:8000/catalogi/api/v1/resultaattypen/a289ee50-245f-4f6c-be2e-b309dd7951fb", "zaaktype": "http://open-zaak.dev:8000/catalogi/api/v1/zaaktypen/53f6724e-5da3-4e01-8369-b69fa0d1ee97", "omschrijving": "Verleend", "resultaattypeomschrijving": "https://selectielijst.openzaak.nl/api/v1/resultaattypeomschrijvingen/ce8cf476-0b59-496f-8eee-957a7c6e2506", "omschrijving_generiek": "Afgebroken", "selectielijstklasse": "https://selectielijst.openzaak.nl/api/v1/resultaten/2e0ff361-8887-44ed-a3fb-218c5645c2c3", "toelichting": "", "archiefnominatie": "blijvend_bewaren", "archiefactietermijn": null, "brondatum_archiefprocedure": {"afleidingswijze": "afgehandeld", "datumkenmerk": "", "einddatum_bekend": false, "objecttype": "", "registratie": "", "procestermijn": null}}, {"url": "http://open-zaak.dev:8000/catalogi/api/v1/resultaattypen/38ad814c-536e-474d-9962-961a54c2d55a", "zaaktype": "http://open-zaak.dev:8000/catalogi/api/v1/zaaktypen/709e7a6f-2d9a-419d-ab7e-979bf0dd72b1", "omschrijving": "Buiten behandeling g", "resultaattypeomschrijving": "https://selectielijst.openzaak.nl/api/v1/resultaattypeomschrijvingen/9c180d8b-2dd7-4a6f-89fa-7ba4d2f0cd8d", "omschrijving_generiek": "Niet vastgesteld", "selectielijstklasse": "https://selectielijst.openzaak.nl/api/v1/resultaten/51968c23-bde6-46a3-8b44-6551b776400c", "toelichting": "", "archiefnominatie": "vernietigen", "archiefactietermijn": "P1826D", "brondatum_archiefprocedure": {"afleidingswijze": "afgehandeld", "datumkenmerk": "", "einddatum_bekend": false, "objecttype": "", "registratie": "", "procestermijn": null}}, {"url": "http://open-zaak.dev:8000/catalogi/api/v1/resultaattypen/9ed62900-fffd-441f-b79b-fc87b6f15ca6", "zaaktype": "http://open-zaak.dev:8000/catalogi/api/v1/zaaktypen/709e7a6f-2d9a-419d-ab7e-979bf0dd72b1", "omschrijving": "Afgebroken", "resultaattypeomschrijving": "https://selectielijst.openzaak.nl/api/v1/resultaattypeomschrijvingen/ce8cf476-0b59-496f-8eee-957a7c6e2506", "omschrijving_generiek": "Afgebroken", "selectielijstklasse": "https://selectielijst.openzaak.nl/api/v1/resultaten/6b2e6d05-5eab-4655-bcda-e6f3258e6e85", "toelichting": "", "archiefnominatie": "vernietigen", "archiefactietermijn": "P42D", "brondatum_archiefprocedure": {"afleidingswijze": "afgehandeld", "datumkenmerk": "", "einddatum_bekend": false, "objecttype": "", "registratie": "", "procestermijn": null}}, {"url": "http://open-zaak.dev:8000/catalogi/api/v1/resultaattypen/4c85c58a-9822-47ba-9f27-f4e709612d0c", "zaaktype": "http://open-zaak.dev:8000/catalogi/api/v1/zaaktypen/709e7a6f-2d9a-419d-ab7e-979bf0dd72b1", "omschrijving": "Geweigerd", "resultaattypeomschrijving": "https://selectielijst.openzaak.nl/api/v1/resultaattypeomschrijvingen/1f750958-431c-4916-bc01-af5d3a753b41", "omschrijving_generiek": "Geweigerd", "selectielijstklasse": "https://selectielijst.openzaak.nl/api/v1/resultaten/51968c23-bde6-46a3-8b44-6551b776400c", "toelichting": "", "archiefnominatie": "vernietigen", "archiefactietermijn": "P1826D", "brondatum_archiefprocedure": {"afleidingswijze": "afgehandeld", "datumkenmerk": "", "einddatum_bekend": false, "objecttype": "", "registratie": "", "procestermijn": null}}, {"url": "http://open-zaak.dev:8000/catalogi/api/v1/resultaattypen/c02dad65-7fa6-4ad8-a57b-182aea15ca11", "zaaktype": "http://open-zaak.dev:8000/catalogi/api/v1/zaaktypen/00027ed2-a498-417d-958a-939a6d86b3df", "omschrijving": "Afgebroken", "resultaattypeomschrijving": "https://selectielijst.openzaak.nl/api/v1/resultaattypeomschrijvingen/ce8cf476-0b59-496f-8eee-957a7c6e2506", "omschrijving_generiek": "Afgebroken", "selectielijstklasse": "https://selectielijst.openzaak.nl/api/v1/resultaten/6b2e6d05-5eab-4655-bcda-e6f3258e6e85", "toelichting": "", "archiefnominatie": "vernietigen", "archiefactietermijn": "P42D", "brondatum_archiefprocedure": {"afleidingswijze": "afgehandeld", "datumkenmerk": "", "einddatum_bekend": false, "objecttype": "", "registratie": "", "procestermijn": null}}, {"url": "http://open-zaak.dev:8000/catalogi/api/v1/resultaattypen/37bd3d4e-2a78-4190-ad71-e0d743eafcd2", "zaaktype": "http://open-zaak.dev:8000/catalogi/api/v1/zaaktypen/00027ed2-a498-417d-958a-939a6d86b3df", "omschrijving": "Afgehandeld", "resultaattypeomschrijving": "https://selectielijst.openzaak.nl/api/v1/resultaattypeomschrijvingen/7cb315fb-4f7b-4a43-aca1-e4522e4c73b3", "omschrijving_generiek": "Afgehandeld", "selectielijstklasse": "https://selectielijst.openzaak.nl/api/v1/resultaten/e0e60015-84c5-4001-a8a0-1f3a87de0cfd", "toelichting": "", "archiefnominatie": "vernietigen", "archiefactietermijn": "P5479D", "brondatum_archiefprocedure": {"afleidingswijze": "afgehandeld", "datumkenmerk": "", "einddatum_bekend": false, "objecttype": "", "registratie": "", "procestermijn": null}}, {"url": "http://open-zaak.dev:8000/catalogi/api/v1/resultaattypen/c74e4c7b-ecb6-4e7d-8605-94d47c30e7aa", "zaaktype": "http://open-zaak.dev:8000/catalogi/api/v1/zaaktypen/00027ed2-a498-417d-958a-939a6d86b3df", "omschrijving": "Buiten behandeling g", "resultaattypeomschrijving": "https://selectielijst.openzaak.nl/api/v1/resultaattypeomschrijvingen/9c180d8b-2dd7-4a6f-89fa-7ba4d2f0cd8d", "omschrijving_generiek": "Niet vastgesteld", "selectielijstklasse": "https://selectielijst.openzaak.nl/api/v1/resultaten/51968c23-bde6-46a3-8b44-6551b776400c", "toelichting": "", "archiefnominatie": "vernietigen", "archiefactietermijn": "P1826D", "brondatum_archiefprocedure": {"afleidingswijze": "afgehandeld", "datumkenmerk": "", "einddatum_bekend": false, "objecttype": "", "registratie": "", "procestermijn": null}}, {"url": "http://open-zaak.dev:8000/catalogi/api/v1/resultaattypen/205f0938-50d7-4f6b-98be-417cda222320", "zaaktype": "http://open-zaak.dev:8000/catalogi/api/v1/zaaktypen/00027ed2-a498-417d-958a-939a6d86b3df", "omschrijving": "Geweigerd", "resultaattypeomschrijving": "https://selectielijst.openzaak.nl/api/v1/resultaattypeomschrijvingen/1f750958-431c-4916-bc01-af5d3a753b41", "omschrijving_generiek": "Geweigerd", "selectielijstklasse": "https://selectielijst.openzaak.nl/api/v1/resultaten/51968c23-bde6-46a3-8b44-6551b776400c", "toelichting": "", "archiefnominatie": "vernietigen", "archiefactietermijn": "P1826D", "brondatum_archiefprocedure": {"afleidingswijze": "afgehandeld", "datumkenmerk": "", "einddatum_bekend": false, "objecttype": "", "registratie": "", "procestermijn": null}}, {"url": "http://open-zaak.dev:8000/catalogi/api/v1/resultaattypen/aaaa7340-5cc7-4f4c-b1cc-d54a6df0b223", "zaaktype": "http://open-zaak.dev:8000/catalogi/api/v1/zaaktypen/19584694-77d1-4ed7-837f-5bfd1bf16a1e", "omschrijving": "Geweigerd", "resultaattypeomschrijving": "https://selectielijst.openzaak.nl/api/v1/resultaattypeomschrijvingen/1f750958-431c-4916-bc01-af5d3a753b41", "omschrijving_generiek": "Geweigerd", "selectielijstklasse": "https://selectielijst.openzaak.nl/api/v1/resultaten/51968c23-bde6-46a3-8b44-6551b776400c", "toelichting": "", "archiefnominatie": "vernietigen", "archiefactietermijn": "P1826D", "brondatum_archiefprocedure": {"afleidingswijze": "afgehandeld", "datumkenmerk": "", "einddatum_bekend": false, "objecttype": "", "registratie": "", "procestermijn": null}}, {"url": "http://open-zaak.dev:8000/catalogi/api/v1/resultaattypen/ab2ea579-90c8-4953-a7c4-e3cbf83b3d43", "zaaktype": "http://open-zaak.dev:8000/catalogi/api/v1/zaaktypen/357c04ae-910f-45b0-b708-56d8072aa748", "omschrijving": "Afgebroken", "resultaattypeomschrijving": "https://selectielijst.openzaak.nl/api/v1/resultaattypeomschrijvingen/ce8cf476-0b59-496f-8eee-957a7c6e2506", "omschrijving_generiek": "Afgebroken", "selectielijstklasse": "https://selectielijst.openzaak.nl/api/v1/resultaten/6b2e6d05-5eab-4655-bcda-e6f3258e6e85", "toelichting": "", "archiefnominatie": "vernietigen", "archiefactietermijn": "P42D", "brondatum_archiefprocedure": {"afleidingswijze": "afgehandeld", "datumkenmerk": "", "einddatum_bekend": false, "objecttype": "", "registratie": "", "procestermijn": null}}, {"url": "http://open-zaak.dev:8000/catalogi/api/v1/resultaattypen/ad2f427d-9f63-454f-8173-2957d5fb0996", "zaaktype": "http://open-zaak.dev:8000/catalogi/api/v1/zaaktypen/357c04ae-910f-45b0-b708-56d8072aa748", "omschrijving": "Afgehandeld", "resultaattypeomschrijving": "https://selectielijst.openzaak.nl/api/v1/resultaattypeomschrijvingen/7cb315fb-4f7b-4a43-aca1-e4522e4c73b3", "omschrijving_generiek": "Afgehandeld", "selectielijstklasse": "https://selectielijst.openzaak.nl/api/v1/resultaten/dbd1fcc9-a420-4b2c-8bbe-21c11781435d", "toelichting": "", "archiefnominatie": "vernietigen", "archiefactietermijn": "P7305D", "brondatum_archiefprocedure": {"afleidingswijze": "afgehandeld", "datumkenmerk": "", "einddatum_bekend": false, "objecttype": "", "registratie": "", "procestermijn": null}}, {"url": "http://open-zaak.dev:8000/catalogi/api/v1/resultaattypen/33379838-e302-4e8a-8109-31a92bf9049f", "zaaktype": "http://open-zaak.dev:8000/catalogi/api/v1/zaaktypen/19584694-77d1-4ed7-837f-5bfd1bf16a1e", "omschrijving": "Afgebroken", "resultaattypeomschrijving": "https://selectielijst.openzaak.nl/api/v1/resultaattypeomschrijvingen/ce8cf476-0b59-496f-8eee-957a7c6e2506", "omschrijving_generiek": "Afgebroken", "selectielijstklasse": "https://selectielijst.openzaak.nl/api/v1/resultaten/6b2e6d05-5eab-4655-bcda-e6f3258e6e85", "toelichting": "", "archiefnominatie": "vernietigen", "archiefactietermijn": "P42D", "brondatum_archiefprocedure": {"afleidingswijze": "afgehandeld", "datumkenmerk": "", "einddatum_bekend": false, "objecttype": "", "registratie": "", "procestermijn": null}}, {"url": "http://open-zaak.dev:8000/catalogi/api/v1/resultaattypen/9804c6df-f3cd-4226-9a97-dc0f9bcfc013", "zaaktype": "http://open-zaak.dev:8000/catalogi/api/v1/zaaktypen/19584694-77d1-4ed7-837f-5bfd1bf16a1e", "omschrijving": "Afgehandeld", "resultaattypeomschrijving": "https://selectielijst.openzaak.nl/api/v1/resultaattypeomschrijvingen/7cb315fb-4f7b-4a43-aca1-e4522e4c73b3", "omschrijving_generiek": "Afgehandeld", "selectielijstklasse": "https://selectielijst.openzaak.nl/api/v1/resultaten/e0e60015-84c5-4001-a8a0-1f3a87de0cfd", "toelichting": "", "archiefnominatie": "vernietigen", "archiefactietermijn": "P5479D", "brondatum_archiefprocedure": {"afleidingswijze": "afgehandeld", "datumkenmerk": "", "einddatum_bekend": false, "objecttype": "", "registratie": "", "procestermijn": null}}, {"url": "http://open-zaak.dev:8000/catalogi/api/v1/resultaattypen/64ae7cc3-49e9-435b-b507-c99cd6f5d1ee", "zaaktype": "http://open-zaak.dev:8000/catalogi/api/v1/zaaktypen/19584694-77d1-4ed7-837f-5bfd1bf16a1e", "omschrijving": "Buiten behandeling g", "resultaattypeomschrijving": "https://selectielijst.openzaak.nl/api/v1/resultaattypeomschrijvingen/9c180d8b-2dd7-4a6f-89fa-7ba4d2f0cd8d", "omschrijving_generiek": "Niet vastgesteld", "selectielijstklasse": "https://selectielijst.openzaak.nl/api/v1/resultaten/51968c23-bde6-46a3-8b44-6551b776400c", "toelichting": "", "archiefnominatie": "vernietigen", "archiefactietermijn": "P1826D", "brondatum_archiefprocedure": {"afleidingswijze": "afgehandeld", "datumkenmerk": "", "einddatum_bekend": false, "objecttype": "", "registratie": "", "procestermijn": null}}]