[{"url": "http://open-zaak.dev:8000/catalogi/api/v1/roltypen/f062a9fe-7cba-4707-a81d-3380e9919a46", "zaaktype": "http://open-zaak.dev:8000/catalogi/api/v1/zaaktypen/afb88082-cd1e-4266-bb20-9b909fb88a9e", "omschrijving": "Uitvoerende", "omschrijving_generiek": "belanghebbende"}, {"url": "http://open-zaak.dev:8000/catalogi/api/v1/roltypen/30161b7a-4f51-49e2-98b4-d3123fb2e017", "zaaktype": "http://open-zaak.dev:8000/catalogi/api/v1/zaaktypen/afb88082-cd1e-4266-bb20-9b909fb88a9e", "omschrijving": "Initiator", "omschrijving_generiek": "initiator"}, {"url": "http://open-zaak.dev:8000/catalogi/api/v1/roltypen/95c735bf-2c11-46d1-a794-c8d84140cac9", "zaaktype": "http://open-zaak.dev:8000/catalogi/api/v1/zaaktypen/afb88082-cd1e-4266-bb20-9b909fb88a9e", "omschrijving": "BetrekkingOp", "omschrijving_generiek": "belanghebbende"}, {"url": "http://open-zaak.dev:8000/catalogi/api/v1/roltypen/2257ff79-feff-4fb4-8169-6988012e5b89", "zaaktype": "http://open-zaak.dev:8000/catalogi/api/v1/zaaktypen/afb88082-cd1e-4266-bb20-9b909fb88a9e", "omschrijving": "Verantwoordelijke", "omschrijving_generiek": "beslisser"}, {"url": "http://open-zaak.dev:8000/catalogi/api/v1/roltypen/60e4a037-ef29-4be6-906e-05fe814057e3", "zaaktype": "http://open-zaak.dev:8000/catalogi/api/v1/zaaktypen/f7baaf19-1f0b-442e-b568-cf4e0025e76f", "omschrijving": "Initiator", "omschrijving_generiek": "initiator"}, {"url": "http://open-zaak.dev:8000/catalogi/api/v1/roltypen/8c13c2b1-9191-45d3-8ff3-87065eed841b", "zaaktype": "http://open-zaak.dev:8000/catalogi/api/v1/zaaktypen/f7baaf19-1f0b-442e-b568-cf4e0025e76f", "omschrijving": "OverigeBetrokkene", "omschrijving_generiek": "initiator"}, {"url": "http://open-zaak.dev:8000/catalogi/api/v1/roltypen/4de4032d-9309-4c18-a423-6c266d91c203", "zaaktype": "http://open-zaak.dev:8000/catalogi/api/v1/zaaktypen/f7baaf19-1f0b-442e-b568-cf4e0025e76f", "omschrijving": "Gemachtigde", "omschrijving_generiek": "beslisser"}, {"url": "http://open-zaak.dev:8000/catalogi/api/v1/roltypen/96743708-f8df-41a7-9cb8-aa191fe03dcb", "zaaktype": "http://open-zaak.dev:8000/catalogi/api/v1/zaaktypen/f7baaf19-1f0b-442e-b568-cf4e0025e76f", "omschrijving": "Verantwoordelijke", "omschrijving_generiek": "beslisser"}, {"url": "http://open-zaak.dev:8000/catalogi/api/v1/roltypen/9a577ff2-ef6c-43b0-9445-3106ea70f7f8", "zaaktype": "http://open-zaak.dev:8000/catalogi/api/v1/zaaktypen/f7baaf19-1f0b-442e-b568-cf4e0025e76f", "omschrijving": "Uitvoerende", "omschrijving_generiek": "behandelaar"}, {"url": "http://open-zaak.dev:8000/catalogi/api/v1/roltypen/1f33b751-31d5-4985-8269-9c4a8efa4357", "zaaktype": "http://open-zaak.dev:8000/catalogi/api/v1/zaaktypen/f7baaf19-1f0b-442e-b568-cf4e0025e76f", "omschrijving": "Belanghebbende", "omschrijving_generiek": "belanghebbende"}, {"url": "http://open-zaak.dev:8000/catalogi/api/v1/roltypen/f9ef4e91-e85d-454d-8b71-f8257d9717bf", "zaaktype": "http://open-zaak.dev:8000/catalogi/api/v1/zaaktypen/f7baaf19-1f0b-442e-b568-cf4e0025e76f", "omschrijving": "BetrekkingOp", "omschrijving_generiek": "initiator"}, {"url": "http://open-zaak.dev:8000/catalogi/api/v1/roltypen/0a531990-863f-4eb3-b536-5f420393ea37", "zaaktype": "http://open-zaak.dev:8000/catalogi/api/v1/zaaktypen/afb88082-cd1e-4266-bb20-9b909fb88a9e", "omschrijving": "Belanghebbende", "omschrijving_generiek": "belanghebbende"}, {"url": "http://open-zaak.dev:8000/catalogi/api/v1/roltypen/91a4af9a-c2be-4b58-9706-4990d7731798", "zaaktype": "http://open-zaak.dev:8000/catalogi/api/v1/zaaktypen/63e63096-a2f1-4cab-831f-0a63109f0acf", "omschrijving": "Initiator", "omschrijving_generiek": "initiator"}, {"url": "http://open-zaak.dev:8000/catalogi/api/v1/roltypen/e131026e-1ac1-46e1-ac8f-fbe31c000a00", "zaaktype": "http://open-zaak.dev:8000/catalogi/api/v1/zaaktypen/63e63096-a2f1-4cab-831f-0a63109f0acf", "omschrijving": "Uitvoerende", "omschrijving_generiek": "behandelaar"}, {"url": "http://open-zaak.dev:8000/catalogi/api/v1/roltypen/104cd9e6-7574-4cf7-8fdc-796788f8aa6d", "zaaktype": "http://open-zaak.dev:8000/catalogi/api/v1/zaaktypen/ac828cf9-5ea2-428f-86f8-b66b23bc8382", "omschrijving": "Behandelaar", "omschrijving_generiek": "behandelaar"}, {"url": "http://open-zaak.dev:8000/catalogi/api/v1/roltypen/18adf82c-913c-469e-b801-328ac6bf72f3", "zaaktype": "http://open-zaak.dev:8000/catalogi/api/v1/zaaktypen/ac828cf9-5ea2-428f-86f8-b66b23bc8382", "omschrijving": "Initiator", "omschrijving_generiek": "initiator"}, {"url": "http://open-zaak.dev:8000/catalogi/api/v1/roltypen/0b29b92c-dda1-43ae-96ba-7d43b0377c01", "zaaktype": "http://open-zaak.dev:8000/catalogi/api/v1/zaaktypen/ac828cf9-5ea2-428f-86f8-b66b23bc8382", "omschrijving": "Uitvoerende", "omschrijving_generiek": "beslisser"}, {"url": "http://open-zaak.dev:8000/catalogi/api/v1/roltypen/8a424e86-c898-4b1c-a410-9d16b1933130", "zaaktype": "http://open-zaak.dev:8000/catalogi/api/v1/zaaktypen/357c04ae-910f-45b0-b708-56d8072aa748", "omschrijving": "BetrekkingOp", "omschrijving_generiek": "belanghebbende"}, {"url": "http://open-zaak.dev:8000/catalogi/api/v1/roltypen/91c6c084-75cf-4e6a-9fe0-f6a634004497", "zaaktype": "http://open-zaak.dev:8000/catalogi/api/v1/zaaktypen/357c04ae-910f-45b0-b708-56d8072aa748", "omschrijving": "Initiator", "omschrijving_generiek": "initiator"}, {"url": "http://open-zaak.dev:8000/catalogi/api/v1/roltypen/b0af3611-6216-4245-811b-85cdb6af1c25", "zaaktype": "http://open-zaak.dev:8000/catalogi/api/v1/zaaktypen/357c04ae-910f-45b0-b708-56d8072aa748", "omschrijving": "Uitvoerende", "omschrijving_generiek": "behandelaar"}, {"url": "http://open-zaak.dev:8000/catalogi/api/v1/roltypen/1386f80e-cf03-442c-89b6-ec44adad2610", "zaaktype": "http://open-zaak.dev:8000/catalogi/api/v1/zaaktypen/357c04ae-910f-45b0-b708-56d8072aa748", "omschrijving": "Verantwoordelijke", "omschrijving_generiek": "beslisser"}, {"url": "http://open-zaak.dev:8000/catalogi/api/v1/roltypen/f07992fc-eef0-4536-ba8a-1788e9c61c3b", "zaaktype": "http://open-zaak.dev:8000/catalogi/api/v1/zaaktypen/2e1d486f-c775-4efc-9ade-374fe8559dc3", "omschrijving": "Uitvoerende", "omschrijving_generiek": "behandelaar"}, {"url": "http://open-zaak.dev:8000/catalogi/api/v1/roltypen/960beb83-3057-4fe4-85d4-25d6e01b25ef", "zaaktype": "http://open-zaak.dev:8000/catalogi/api/v1/zaaktypen/2e1d486f-c775-4efc-9ade-374fe8559dc3", "omschrijving": "Initiator", "omschrijving_generiek": "initiator"}, {"url": "http://open-zaak.dev:8000/catalogi/api/v1/roltypen/89ab2255-a523-436f-a681-a616c838dee6", "zaaktype": "http://open-zaak.dev:8000/catalogi/api/v1/zaaktypen/53f6724e-5da3-4e01-8369-b69fa0d1ee97", "omschrijving": "Behandelaar", "omschrijving_generiek": "behandelaar"}, {"url": "http://open-zaak.dev:8000/catalogi/api/v1/roltypen/309cfe60-d9c5-42b1-b863-7aaf14dbe21d", "zaaktype": "http://open-zaak.dev:8000/catalogi/api/v1/zaaktypen/53f6724e-5da3-4e01-8369-b69fa0d1ee97", "omschrijving": "Initiator", "omschrijving_generiek": "initiator"}, {"url": "http://open-zaak.dev:8000/catalogi/api/v1/roltypen/bf6f3f1b-ced1-4f19-86d5-c635a889e636", "zaaktype": "http://open-zaak.dev:8000/catalogi/api/v1/zaaktypen/53f6724e-5da3-4e01-8369-b69fa0d1ee97", "omschrijving": "Belanghebbende", "omschrijving_generiek": "belanghebbende"}, {"url": "http://open-zaak.dev:8000/catalogi/api/v1/roltypen/edf89be7-714e-41d5-b630-1a0ae0ec51a4", "zaaktype": "http://open-zaak.dev:8000/catalogi/api/v1/zaaktypen/19584694-77d1-4ed7-837f-5bfd1bf16a1e", "omschrijving": "Belanghebbende", "omschrijving_generiek": "belanghebbende"}, {"url": "http://open-zaak.dev:8000/catalogi/api/v1/roltypen/418754c1-5ff1-4680-9ea1-a580e24feb78", "zaaktype": "http://open-zaak.dev:8000/catalogi/api/v1/zaaktypen/19584694-77d1-4ed7-837f-5bfd1bf16a1e", "omschrijving": "BetrekkingOp", "omschrijving_generiek": "belanghebbende"}, {"url": "http://open-zaak.dev:8000/catalogi/api/v1/roltypen/2ff08cf8-b2b2-40f2-a1ff-7e0d741dfc3c", "zaaktype": "http://open-zaak.dev:8000/catalogi/api/v1/zaaktypen/19584694-77d1-4ed7-837f-5bfd1bf16a1e", "omschrijving": "Initiator", "omschrijving_generiek": "initiator"}, {"url": "http://open-zaak.dev:8000/catalogi/api/v1/roltypen/e8de8260-ac91-4470-b3bb-a345224bff86", "zaaktype": "http://open-zaak.dev:8000/catalogi/api/v1/zaaktypen/19584694-77d1-4ed7-837f-5bfd1bf16a1e", "omschrijving": "Uitvoerende", "omschrijving_generiek": "behandelaar"}, {"url": "http://open-zaak.dev:8000/catalogi/api/v1/roltypen/66ba9432-9306-4f8a-8ebd-600809a7432e", "zaaktype": "http://open-zaak.dev:8000/catalogi/api/v1/zaaktypen/19584694-77d1-4ed7-837f-5bfd1bf16a1e", "omschrijving": "Verantwoordelijke", "omschrijving_generiek": "beslisser"}, {"url": "http://open-zaak.dev:8000/catalogi/api/v1/roltypen/d234cbd2-bf0a-4354-a232-e0b70f2438a5", "zaaktype": "http://open-zaak.dev:8000/catalogi/api/v1/zaaktypen/709e7a6f-2d9a-419d-ab7e-979bf0dd72b1", "omschrijving": "Verantwoordelijke", "omschrijving_generiek": "beslisser"}, {"url": "http://open-zaak.dev:8000/catalogi/api/v1/roltypen/4acac41d-2622-4f9a-9c8f-9bc305520dfb", "zaaktype": "http://open-zaak.dev:8000/catalogi/api/v1/zaaktypen/709e7a6f-2d9a-419d-ab7e-979bf0dd72b1", "omschrijving": "Uitvoerende", "omschrijving_generiek": "behandelaar"}, {"url": "http://open-zaak.dev:8000/catalogi/api/v1/roltypen/8ac47687-75a2-41d5-928c-e5cb77114a07", "zaaktype": "http://open-zaak.dev:8000/catalogi/api/v1/zaaktypen/709e7a6f-2d9a-419d-ab7e-979bf0dd72b1", "omschrijving": "Initiator", "omschrijving_generiek": "initiator"}, {"url": "http://open-zaak.dev:8000/catalogi/api/v1/roltypen/ab740b35-efe3-43ab-885f-a36177aac110", "zaaktype": "http://open-zaak.dev:8000/catalogi/api/v1/zaaktypen/709e7a6f-2d9a-419d-ab7e-979bf0dd72b1", "omschrijving": "BetrekkingOp", "omschrijving_generiek": "belanghebbende"}, {"url": "http://open-zaak.dev:8000/catalogi/api/v1/roltypen/46dfadbd-88da-4ed6-8cd1-76db38dfafdf", "zaaktype": "http://open-zaak.dev:8000/catalogi/api/v1/zaaktypen/709e7a6f-2d9a-419d-ab7e-979bf0dd72b1", "omschrijving": "Belanghebbende", "omschrijving_generiek": "belanghebbende"}, {"url": "http://open-zaak.dev:8000/catalogi/api/v1/roltypen/fa59c050-cd2a-473b-a2f7-f6ef40d968f7", "zaaktype": "http://open-zaak.dev:8000/catalogi/api/v1/zaaktypen/00027ed2-a498-417d-958a-939a6d86b3df", "omschrijving": "Belanghebbende", "omschrijving_generiek": "belanghebbende"}, {"url": "http://open-zaak.dev:8000/catalogi/api/v1/roltypen/987c7991-51a1-48a7-b5fa-df32ea1ae87f", "zaaktype": "http://open-zaak.dev:8000/catalogi/api/v1/zaaktypen/00027ed2-a498-417d-958a-939a6d86b3df", "omschrijving": "BetrekkingOp", "omschrijving_generiek": "belanghebbende"}, {"url": "http://open-zaak.dev:8000/catalogi/api/v1/roltypen/1b0a7f1a-300e-4909-8ac4-a1317507d272", "zaaktype": "http://open-zaak.dev:8000/catalogi/api/v1/zaaktypen/00027ed2-a498-417d-958a-939a6d86b3df", "omschrijving": "Initiator", "omschrijving_generiek": "initiator"}, {"url": "http://open-zaak.dev:8000/catalogi/api/v1/roltypen/6a9ba667-291e-4ff6-a815-21c12966960d", "zaaktype": "http://open-zaak.dev:8000/catalogi/api/v1/zaaktypen/00027ed2-a498-417d-958a-939a6d86b3df", "omschrijving": "Uitvoerende", "omschrijving_generiek": "behandelaar"}, {"url": "http://open-zaak.dev:8000/catalogi/api/v1/roltypen/de5415c4-05b8-4230-82e8-3049816668ad", "zaaktype": "http://open-zaak.dev:8000/catalogi/api/v1/zaaktypen/00027ed2-a498-417d-958a-939a6d86b3df", "omschrijving": "Verantwoordelijke", "omschrijving_generiek": "beslisser"}, {"url": "http://open-zaak.dev:8000/catalogi/api/v1/roltypen/7c894b0f-5f7a-4858-9432-aa8007890d44", "zaaktype": "http://open-zaak.dev:8000/catalogi/api/v1/zaaktypen/357c04ae-910f-45b0-b708-56d8072aa748", "omschrijving": "Belanghebbende", "omschrijving_generiek": "belanghebbende"}]