[{"url": "http://open-zaak.dev:8000/catalogi/api/v1/statustypen/6ec5bffc-dfa8-4746-8d96-acc8c4cba941", "omschrijving": "Afgehandeld", "omschrijving_generiek": "Afgehandeld", "statustekst": "", "zaaktype": "http://open-zaak.dev:8000/catalogi/api/v1/zaaktypen/f7baaf19-1f0b-442e-b568-cf4e0025e76f", "volgnummer": 4, "is_eindstatus": true, "informeren": false}, {"url": "http://open-zaak.dev:8000/catalogi/api/v1/statustypen/57132d3f-f3ff-4160-b456-1a69d5ba3377", "omschrijving": "Aanvullende gegevens opgevraagd", "omschrijving_generiek": "Advies ingewonnen", "statustekst": "", "zaaktype": "http://open-zaak.dev:8000/catalogi/api/v1/zaaktypen/f7baaf19-1f0b-442e-b568-cf4e0025e76f", "volgnummer": 3, "is_eindstatus": false, "informeren": false}, {"url": "http://open-zaak.dev:8000/catalogi/api/v1/statustypen/3a035d87-453e-49cd-8a6c-90f26188f416", "omschrijving": "In behandeling genomen", "omschrijving_generiek": "In behandeling genomen", "statustekst": "", "zaaktype": "http://open-zaak.dev:8000/catalogi/api/v1/zaaktypen/f7baaf19-1f0b-442e-b568-cf4e0025e76f", "volgnummer": 2, "is_eindstatus": false, "informeren": false}, {"url": "http://open-zaak.dev:8000/catalogi/api/v1/statustypen/8380f7c1-7b25-406e-b11b-a5d2867fd31e", "omschrijving": "Geregistreerd", "omschrijving_generiek": "Ontvangen", "statustekst": "", "zaaktype": "http://open-zaak.dev:8000/catalogi/api/v1/zaaktypen/f7baaf19-1f0b-442e-b568-cf4e0025e76f", "volgnummer": 1, "is_eindstatus": false, "informeren": true}, {"url": "http://open-zaak.dev:8000/catalogi/api/v1/statustypen/ad3e4d61-394c-4155-80d2-f3ff737911c6", "omschrijving": "Afgehandeld", "omschrijving_generiek": "Afgehandeld", "statustekst": "", "zaaktype": "http://open-zaak.dev:8000/catalogi/api/v1/zaaktypen/ac828cf9-5ea2-428f-86f8-b66b23bc8382", "volgnummer": 5, "is_eindstatus": true, "informeren": false}, {"url": "http://open-zaak.dev:8000/catalogi/api/v1/statustypen/a20b2eb6-01d6-40ee-a680-a2a601b2b8d5", "omschrijving": "Uitvoering afgerond", "omschrijving_generiek": "Uitvoering afgerond", "statustekst": "", "zaaktype": "http://open-zaak.dev:8000/catalogi/api/v1/zaaktypen/ac828cf9-5ea2-428f-86f8-b66b23bc8382", "volgnummer": 4, "is_eindstatus": false, "informeren": false}, {"url": "http://open-zaak.dev:8000/catalogi/api/v1/statustypen/dd399228-8c4f-48fd-b9da-544da1e84ae1", "omschrijving": "In behandeling genomen", "omschrijving_generiek": "In behandeling genomen", "statustekst": "", "zaaktype": "http://open-zaak.dev:8000/catalogi/api/v1/zaaktypen/ac828cf9-5ea2-428f-86f8-b66b23bc8382", "volgnummer": 3, "is_eindstatus": false, "informeren": false}, {"url": "http://open-zaak.dev:8000/catalogi/api/v1/statustypen/35bf210a-4f20-4e39-9be9-4febdb65db8e", "omschrijving": "Geregistreerd", "omschrijving_generiek": "Geregistreerd", "statustekst": "", "zaaktype": "http://open-zaak.dev:8000/catalogi/api/v1/zaaktypen/ac828cf9-5ea2-428f-86f8-b66b23bc8382", "volgnummer": 2, "is_eindstatus": false, "informeren": false}, {"url": "http://open-zaak.dev:8000/catalogi/api/v1/statustypen/9f41bd24-d229-4fe1-98c4-a058867f1b45", "omschrijving": "Geaccepteerd", "omschrijving_generiek": "Geaccepteerd", "statustekst": "", "zaaktype": "http://open-zaak.dev:8000/catalogi/api/v1/zaaktypen/ac828cf9-5ea2-428f-86f8-b66b23bc8382", "volgnummer": 1, "is_eindstatus": false, "informeren": false}, {"url": "http://open-zaak.dev:8000/catalogi/api/v1/statustypen/238d4dee-7bb6-4819-b516-b245b8992e78", "omschrijving": "Afgehandeld", "omschrijving_generiek": "Afgehandeld", "statustekst": "", "zaaktype": "http://open-zaak.dev:8000/catalogi/api/v1/zaaktypen/afb88082-cd1e-4266-bb20-9b909fb88a9e", "volgnummer": 10, "is_eindstatus": true, "informeren": false}, {"url": "http://open-zaak.dev:8000/catalogi/api/v1/statustypen/a38d3821-4190-4e8d-8a6d-5848cd3d26e2", "omschrijving": "Besluitvorming afgerond", "omschrijving_generiek": "Besluitvorming afgerond", "statustekst": "", "zaaktype": "http://open-zaak.dev:8000/catalogi/api/v1/zaaktypen/afb88082-cd1e-4266-bb20-9b909fb88a9e", "volgnummer": 7, "is_eindstatus": false, "informeren": false}, {"url": "http://open-zaak.dev:8000/catalogi/api/v1/statustypen/0ed62501-68f3-47a7-9ce1-1ca72e73e6a3", "omschrijving": "Voorstel voor besluitvorming opgesteld", "omschrijving_generiek": "Voorstel voor besluitvorming opgesteld", "statustekst": "", "zaaktype": "http://open-zaak.dev:8000/catalogi/api/v1/zaaktypen/afb88082-cd1e-4266-bb20-9b909fb88a9e", "volgnummer": 6, "is_eindstatus": false, "informeren": false}, {"url": "http://open-zaak.dev:8000/catalogi/api/v1/statustypen/1186153a-bfa3-41e3-a73c-b83ceb8e8c38", "omschrijving": "Onderzoek afgerond", "omschrijving_generiek": "Onderzoek afgerond", "statustekst": "", "zaaktype": "http://open-zaak.dev:8000/catalogi/api/v1/zaaktypen/afb88082-cd1e-4266-bb20-9b909fb88a9e", "volgnummer": 5, "is_eindstatus": false, "informeren": false}, {"url": "http://open-zaak.dev:8000/catalogi/api/v1/statustypen/f552c8e7-a264-40db-8a0b-5541668b4d25", "omschrijving": "In behandeling genomen", "omschrijving_generiek": "In behandeling genomen", "statustekst": "", "zaaktype": "http://open-zaak.dev:8000/catalogi/api/v1/zaaktypen/afb88082-cd1e-4266-bb20-9b909fb88a9e", "volgnummer": 3, "is_eindstatus": false, "informeren": false}, {"url": "http://open-zaak.dev:8000/catalogi/api/v1/statustypen/bd270743-e1eb-4e0b-9c88-2dacecdfb66f", "omschrijving": "Geaccepteerd", "omschrijving_generiek": "Geaccepteerd", "statustekst": "", "zaaktype": "http://open-zaak.dev:8000/catalogi/api/v1/zaaktypen/afb88082-cd1e-4266-bb20-9b909fb88a9e", "volgnummer": 2, "is_eindstatus": false, "informeren": false}, {"url": "http://open-zaak.dev:8000/catalogi/api/v1/statustypen/3c3d660f-55f8-4342-a0aa-aa76ce47de59", "omschrijving": "Ontvangen", "omschrijving_generiek": "Ontvangen", "statustekst": "", "zaaktype": "http://open-zaak.dev:8000/catalogi/api/v1/zaaktypen/afb88082-cd1e-4266-bb20-9b909fb88a9e", "volgnummer": 1, "is_eindstatus": false, "informeren": false}, {"url": "http://open-zaak.dev:8000/catalogi/api/v1/statustypen/425b47a0-4b5f-47a9-b907-8e10ac137355", "omschrijving": "Afgehandeld", "omschrijving_generiek": "Afgehandeld", "statustekst": "", "zaaktype": "http://open-zaak.dev:8000/catalogi/api/v1/zaaktypen/2e1d486f-c775-4efc-9ade-374fe8559dc3", "volgnummer": 8, "is_eindstatus": true, "informeren": false}, {"url": "http://open-zaak.dev:8000/catalogi/api/v1/statustypen/5ab7bca2-ba99-4955-a296-d91efc399bb9", "omschrijving": "Gereed om af te halen op locatie Bolsward", "omschrijving_generiek": "Gereed om af te halen op locatie Bolsward", "statustekst": "", "zaaktype": "http://open-zaak.dev:8000/catalogi/api/v1/zaaktypen/2e1d486f-c775-4efc-9ade-374fe8559dc3", "volgnummer": 7, "is_eindstatus": false, "informeren": false}, {"url": "http://open-zaak.dev:8000/catalogi/api/v1/statustypen/8dc0d7a7-d0e6-4162-8bae-4df9049cdb86", "omschrijving": "Gereed om af te halen op locatie Sneek", "omschrijving_generiek": "Gereed om af te halen op locatie Sneek", "statustekst": "", "zaaktype": "http://open-zaak.dev:8000/catalogi/api/v1/zaaktypen/2e1d486f-c775-4efc-9ade-374fe8559dc3", "volgnummer": 6, "is_eindstatus": false, "informeren": false}, {"url": "http://open-zaak.dev:8000/catalogi/api/v1/statustypen/47fabbb4-3de8-4b58-a226-2495d374423d", "omschrijving": "Rijbewijs in productie", "omschrijving_generiek": "Rijbewijs in productie", "statustekst": "", "zaaktype": "http://open-zaak.dev:8000/catalogi/api/v1/zaaktypen/2e1d486f-c775-4efc-9ade-374fe8559dc3", "volgnummer": 5, "is_eindstatus": false, "informeren": false}, {"url": "http://open-zaak.dev:8000/catalogi/api/v1/statustypen/fee641e2-8764-43cb-9e24-7c7bf51f165b", "omschrijving": "Aanvraag in behandeling genomen bij RDW", "omschrijving_generiek": "Aanvraag in behandeling genomen bij RDW", "statustekst": "", "zaaktype": "http://open-zaak.dev:8000/catalogi/api/v1/zaaktypen/2e1d486f-c775-4efc-9ade-374fe8559dc3", "volgnummer": 4, "is_eindstatus": false, "informeren": false}, {"url": "http://open-zaak.dev:8000/catalogi/api/v1/statustypen/be9c46f5-b28c-410f-84c0-7abe1a2ff403", "omschrijving": "Geregistreerd door RDW", "omschrijving_generiek": "Geregistreerd door RDW", "statustekst": "", "zaaktype": "http://open-zaak.dev:8000/catalogi/api/v1/zaaktypen/2e1d486f-c775-4efc-9ade-374fe8559dc3", "volgnummer": 3, "is_eindstatus": false, "informeren": false}, {"url": "http://open-zaak.dev:8000/catalogi/api/v1/statustypen/cf81154f-da0a-4a47-9357-2b1874a0ea11", "omschrijving": "Aanvraag verstuurd naar RDW", "omschrijving_generiek": "Aanvraag verstuurd naar RDW", "statustekst": "", "zaaktype": "http://open-zaak.dev:8000/catalogi/api/v1/zaaktypen/2e1d486f-c775-4efc-9ade-374fe8559dc3", "volgnummer": 2, "is_eindstatus": false, "informeren": false}, {"url": "http://open-zaak.dev:8000/catalogi/api/v1/statustypen/83ffc788-70f0-414f-a89f-9a5688e4e5b6", "omschrijving": "Aanvraag in behandeling genomen", "omschrijving_generiek": "Aanvraag in behandeling genomen", "statustekst": "", "zaaktype": "http://open-zaak.dev:8000/catalogi/api/v1/zaaktypen/2e1d486f-c775-4efc-9ade-374fe8559dc3", "volgnummer": 1, "is_eindstatus": false, "informeren": false}, {"url": "http://open-zaak.dev:8000/catalogi/api/v1/statustypen/dd1bd204-3fb7-4d9f-80c2-9fd585bc6e3c", "omschrijving": "Afgehandeld", "omschrijving_generiek": "Afgehandeld", "statustekst": "", "zaaktype": "http://open-zaak.dev:8000/catalogi/api/v1/zaaktypen/53f6724e-5da3-4e01-8369-b69fa0d1ee97", "volgnummer": 10, "is_eindstatus": true, "informeren": false}, {"url": "http://open-zaak.dev:8000/catalogi/api/v1/statustypen/00b10f65-eec2-4fb2-8c0f-d72ad7fe0934", "omschrijving": "Ter inzage legging afgerond", "omschrijving_generiek": "Ter inzage legging afgerond", "statustekst": "", "zaaktype": "http://open-zaak.dev:8000/catalogi/api/v1/zaaktypen/53f6724e-5da3-4e01-8369-b69fa0d1ee97", "volgnummer": 9, "is_eindstatus": false, "informeren": false}, {"url": "http://open-zaak.dev:8000/catalogi/api/v1/statustypen/06a9e83b-caf7-45a1-9dff-ebba7e1b2bce", "omschrijving": "Besluitvorming afgerond", "omschrijving_generiek": "Besluitvorming afgerond", "statustekst": "", "zaaktype": "http://open-zaak.dev:8000/catalogi/api/v1/zaaktypen/53f6724e-5da3-4e01-8369-b69fa0d1ee97", "volgnummer": 8, "is_eindstatus": false, "informeren": false}, {"url": "http://open-zaak.dev:8000/catalogi/api/v1/statustypen/56126e95-3dfd-45c9-9de4-9924eb6e2cf8", "omschrijving": "Besluit genomen", "omschrijving_generiek": "Besluit genomen", "statustekst": "", "zaaktype": "http://open-zaak.dev:8000/catalogi/api/v1/zaaktypen/53f6724e-5da3-4e01-8369-b69fa0d1ee97", "volgnummer": 7, "is_eindstatus": false, "informeren": false}, {"url": "http://open-zaak.dev:8000/catalogi/api/v1/statustypen/07968bcc-4578-43fe-a1d9-63caa0264094", "omschrijving": "Voorstel voor besluitvorming opgesteld", "omschrijving_generiek": "Voorstel voor besluitvorming opgesteld", "statustekst": "", "zaaktype": "http://open-zaak.dev:8000/catalogi/api/v1/zaaktypen/53f6724e-5da3-4e01-8369-b69fa0d1ee97", "volgnummer": 6, "is_eindstatus": false, "informeren": false}, {"url": "http://open-zaak.dev:8000/catalogi/api/v1/statustypen/9c970f56-be21-4d9e-b13d-7713caa82425", "omschrijving": "Voorstel voor besluitvorming", "omschrijving_generiek": "Voorstel voor besluitvorming", "statustekst": "", "zaaktype": "http://open-zaak.dev:8000/catalogi/api/v1/zaaktypen/53f6724e-5da3-4e01-8369-b69fa0d1ee97", "volgnummer": 5, "is_eindstatus": false, "informeren": false}, {"url": "http://open-zaak.dev:8000/catalogi/api/v1/statustypen/ff053714-b623-431a-945d-39fe0407f59a", "omschrijving": "Intake afgerond", "omschrijving_generiek": "Intake afgerond", "statustekst": "", "zaaktype": "http://open-zaak.dev:8000/catalogi/api/v1/zaaktypen/53f6724e-5da3-4e01-8369-b69fa0d1ee97", "volgnummer": 4, "is_eindstatus": false, "informeren": false}, {"url": "http://open-zaak.dev:8000/catalogi/api/v1/statustypen/ebc07703-89b4-4d54-9e9e-ab8a124cceb4", "omschrijving": "In behandeling genomen", "omschrijving_generiek": "In behandeling genomen", "statustekst": "", "zaaktype": "http://open-zaak.dev:8000/catalogi/api/v1/zaaktypen/53f6724e-5da3-4e01-8369-b69fa0d1ee97", "volgnummer": 3, "is_eindstatus": false, "informeren": false}, {"url": "http://open-zaak.dev:8000/catalogi/api/v1/statustypen/ae9b1d33-1199-432f-b601-1e030a2ce53e", "omschrijving": "Getoetst op indieningsvereisten", "omschrijving_generiek": "Getoetst op indieningsvereisten", "statustekst": "", "zaaktype": "http://open-zaak.dev:8000/catalogi/api/v1/zaaktypen/53f6724e-5da3-4e01-8369-b69fa0d1ee97", "volgnummer": 2, "is_eindstatus": false, "informeren": false}, {"url": "http://open-zaak.dev:8000/catalogi/api/v1/statustypen/bef7e40c-3fc6-46ad-be11-c32e0cf085b7", "omschrijving": "Geregistreerd", "omschrijving_generiek": "Geregistreerd", "statustekst": "", "zaaktype": "http://open-zaak.dev:8000/catalogi/api/v1/zaaktypen/53f6724e-5da3-4e01-8369-b69fa0d1ee97", "volgnummer": 1, "is_eindstatus": false, "informeren": false}, {"url": "http://open-zaak.dev:8000/catalogi/api/v1/statustypen/d43a54ea-4d35-4bc0-b562-1fa6e0dab4a4", "omschrijving": "Afgehandeld", "omschrijving_generiek": "Afgehandeld", "statustekst": "", "zaaktype": "http://open-zaak.dev:8000/catalogi/api/v1/zaaktypen/63e63096-a2f1-4cab-831f-0a63109f0acf", "volgnummer": 8, "is_eindstatus": true, "informeren": false}, {"url": "http://open-zaak.dev:8000/catalogi/api/v1/statustypen/f0867ccd-7a24-4516-ac93-d9bf1583dc70", "omschrijving": "Gereed om af te halen op locatie Bolsward", "omschrijving_generiek": "Gereed om af te halen op locatie Bolsward", "statustekst": "", "zaaktype": "http://open-zaak.dev:8000/catalogi/api/v1/zaaktypen/63e63096-a2f1-4cab-831f-0a63109f0acf", "volgnummer": 7, "is_eindstatus": false, "informeren": false}, {"url": "http://open-zaak.dev:8000/catalogi/api/v1/statustypen/b953c5ef-dee2-4e75-99cb-2c495acaa207", "omschrijving": "Gereed om af te halen op locatie Sneek", "omschrijving_generiek": "Gereed om af te halen op locatie Sneek", "statustekst": "", "zaaktype": "http://open-zaak.dev:8000/catalogi/api/v1/zaaktypen/63e63096-a2f1-4cab-831f-0a63109f0acf", "volgnummer": 6, "is_eindstatus": false, "informeren": false}, {"url": "http://open-zaak.dev:8000/catalogi/api/v1/statustypen/7070591c-caff-4979-aaf5-8fc6b088e2db", "omschrijving": "Rijbewijs in productie", "omschrijving_generiek": "Rijbewijs in productie", "statustekst": "", "zaaktype": "http://open-zaak.dev:8000/catalogi/api/v1/zaaktypen/63e63096-a2f1-4cab-831f-0a63109f0acf", "volgnummer": 5, "is_eindstatus": false, "informeren": false}, {"url": "http://open-zaak.dev:8000/catalogi/api/v1/statustypen/693ed8fb-83b6-4ec7-a5b4-e009a8d2ce96", "omschrijving": "Aanvraag in behandeling genomen bij RDW", "omschrijving_generiek": "Aanvraag in behandeling genomen bij RDW", "statustekst": "", "zaaktype": "http://open-zaak.dev:8000/catalogi/api/v1/zaaktypen/63e63096-a2f1-4cab-831f-0a63109f0acf", "volgnummer": 4, "is_eindstatus": false, "informeren": false}, {"url": "http://open-zaak.dev:8000/catalogi/api/v1/statustypen/bfb83dbc-51ce-4cf6-967f-5cb84bc8cd4a", "omschrijving": "Geregistreerd door RDW", "omschrijving_generiek": "Geregistreerd door RDW", "statustekst": "", "zaaktype": "http://open-zaak.dev:8000/catalogi/api/v1/zaaktypen/63e63096-a2f1-4cab-831f-0a63109f0acf", "volgnummer": 3, "is_eindstatus": false, "informeren": false}, {"url": "http://open-zaak.dev:8000/catalogi/api/v1/statustypen/53669097-1f38-4849-8772-45f8122fe67c", "omschrijving": "Aanvraag verstuurd naar RDW", "omschrijving_generiek": "Aanvraag verstuurd naar RDW", "statustekst": "", "zaaktype": "http://open-zaak.dev:8000/catalogi/api/v1/zaaktypen/63e63096-a2f1-4cab-831f-0a63109f0acf", "volgnummer": 2, "is_eindstatus": false, "informeren": false}, {"url": "http://open-zaak.dev:8000/catalogi/api/v1/statustypen/91433945-251b-4938-9258-e62dab74d54c", "omschrijving": "Aanvraag in behandeling genomen", "omschrijving_generiek": "Aanvraag in behandeling genomen", "statustekst": "", "zaaktype": "http://open-zaak.dev:8000/catalogi/api/v1/zaaktypen/63e63096-a2f1-4cab-831f-0a63109f0acf", "volgnummer": 1, "is_eindstatus": false, "informeren": false}, {"url": "http://open-zaak.dev:8000/catalogi/api/v1/statustypen/3b21c4b6-ba08-4dc1-8c5e-f33f4818cf27", "omschrijving": "Afgehandeld", "omschrijving_generiek": "Afgehandeld", "statustekst": "", "zaaktype": "http://open-zaak.dev:8000/catalogi/api/v1/zaaktypen/00027ed2-a498-417d-958a-939a6d86b3df", "volgnummer": 7, "is_eindstatus": true, "informeren": false}, {"url": "http://open-zaak.dev:8000/catalogi/api/v1/statustypen/66e43bdf-686c-42f4-887c-57bf4656b613", "omschrijving": "Uitvoering afgerond", "omschrijving_generiek": "Uitvoering afgerond", "statustekst": "", "zaaktype": "http://open-zaak.dev:8000/catalogi/api/v1/zaaktypen/00027ed2-a498-417d-958a-939a6d86b3df", "volgnummer": 6, "is_eindstatus": false, "informeren": false}, {"url": "http://open-zaak.dev:8000/catalogi/api/v1/statustypen/bd035749-dba3-460a-823d-dfb2b07c7a65", "omschrijving": "Onderzoek afgerond", "omschrijving_generiek": "Onderzoek afgerond", "statustekst": "", "zaaktype": "http://open-zaak.dev:8000/catalogi/api/v1/zaaktypen/00027ed2-a498-417d-958a-939a6d86b3df", "volgnummer": 5, "is_eindstatus": false, "informeren": false}, {"url": "http://open-zaak.dev:8000/catalogi/api/v1/statustypen/3d7f07f4-ed25-4e37-99fc-ec4266bd5967", "omschrijving": "In behandeling genomen", "omschrijving_generiek": "In behandeling genomen", "statustekst": "", "zaaktype": "http://open-zaak.dev:8000/catalogi/api/v1/zaaktypen/00027ed2-a498-417d-958a-939a6d86b3df", "volgnummer": 4, "is_eindstatus": false, "informeren": false}, {"url": "http://open-zaak.dev:8000/catalogi/api/v1/statustypen/b75e9ba1-0ac2-4ee7-a5af-e25ae5d8fc9e", "omschrijving": "Geregistreerd", "omschrijving_generiek": "Geregistreerd", "statustekst": "", "zaaktype": "http://open-zaak.dev:8000/catalogi/api/v1/zaaktypen/00027ed2-a498-417d-958a-939a6d86b3df", "volgnummer": 3, "is_eindstatus": false, "informeren": false}, {"url": "http://open-zaak.dev:8000/catalogi/api/v1/statustypen/5a5d4fef-b19e-4425-ba97-2973a717eafb", "omschrijving": "Geaccepteerd", "omschrijving_generiek": "Geaccepteerd", "statustekst": "", "zaaktype": "http://open-zaak.dev:8000/catalogi/api/v1/zaaktypen/00027ed2-a498-417d-958a-939a6d86b3df", "volgnummer": 2, "is_eindstatus": false, "informeren": false}, {"url": "http://open-zaak.dev:8000/catalogi/api/v1/statustypen/aeeb4919-a896-4bb1-abdb-b98ffcbaf1fe", "omschrijving": "Besluitvorming afgerond", "omschrijving_generiek": "Besluitvorming afgerond", "statustekst": "", "zaaktype": "http://open-zaak.dev:8000/catalogi/api/v1/zaaktypen/00027ed2-a498-417d-958a-939a6d86b3df", "volgnummer": 1, "is_eindstatus": false, "informeren": false}, {"url": "http://open-zaak.dev:8000/catalogi/api/v1/statustypen/34264849-6695-46c7-af71-5a84050f414e", "omschrijving": "Besluitvorming afgerond", "omschrijving_generiek": "Besluitvorming afgerond", "statustekst": "", "zaaktype": "http://open-zaak.dev:8000/catalogi/api/v1/zaaktypen/709e7a6f-2d9a-419d-ab7e-979bf0dd72b1", "volgnummer": 7, "is_eindstatus": true, "informeren": false}, {"url": "http://open-zaak.dev:8000/catalogi/api/v1/statustypen/80e6a9d0-5da6-45c0-b527-e67846da0e25", "omschrijving": "Uitvoering afgerond", "omschrijving_generiek": "Uitvoering afgerond", "statustekst": "", "zaaktype": "http://open-zaak.dev:8000/catalogi/api/v1/zaaktypen/709e7a6f-2d9a-419d-ab7e-979bf0dd72b1", "volgnummer": 6, "is_eindstatus": false, "informeren": false}, {"url": "http://open-zaak.dev:8000/catalogi/api/v1/statustypen/9a2124fd-87b7-4e6d-82d0-dcda6f819376", "omschrijving": "Onderzoek afgerond", "omschrijving_generiek": "Onderzoek afgerond", "statustekst": "", "zaaktype": "http://open-zaak.dev:8000/catalogi/api/v1/zaaktypen/709e7a6f-2d9a-419d-ab7e-979bf0dd72b1", "volgnummer": 5, "is_eindstatus": false, "informeren": false}, {"url": "http://open-zaak.dev:8000/catalogi/api/v1/statustypen/1591baf2-f6ea-4be4-9fb1-b9c52234c1fc", "omschrijving": "In behandeling genomen", "omschrijving_generiek": "In behandeling genomen", "statustekst": "", "zaaktype": "http://open-zaak.dev:8000/catalogi/api/v1/zaaktypen/709e7a6f-2d9a-419d-ab7e-979bf0dd72b1", "volgnummer": 4, "is_eindstatus": false, "informeren": false}, {"url": "http://open-zaak.dev:8000/catalogi/api/v1/statustypen/46111b5e-123b-49d9-8551-bc1d5ce9de3c", "omschrijving": "Geregistreerd", "omschrijving_generiek": "Geregistreerd", "statustekst": "", "zaaktype": "http://open-zaak.dev:8000/catalogi/api/v1/zaaktypen/709e7a6f-2d9a-419d-ab7e-979bf0dd72b1", "volgnummer": 3, "is_eindstatus": false, "informeren": false}, {"url": "http://open-zaak.dev:8000/catalogi/api/v1/statustypen/4998e0bb-2cce-467d-9c4e-0e441b9e81bf", "omschrijving": "Geaccepteerd", "omschrijving_generiek": "Geaccepteerd", "statustekst": "", "zaaktype": "http://open-zaak.dev:8000/catalogi/api/v1/zaaktypen/709e7a6f-2d9a-419d-ab7e-979bf0dd72b1", "volgnummer": 2, "is_eindstatus": false, "informeren": false}, {"url": "http://open-zaak.dev:8000/catalogi/api/v1/statustypen/fdee03ba-ea80-458d-ab42-486b859f86fc", "omschrijving": "Nieuw", "omschrijving_generiek": "Nieuw", "statustekst": "", "zaaktype": "http://open-zaak.dev:8000/catalogi/api/v1/zaaktypen/709e7a6f-2d9a-419d-ab7e-979bf0dd72b1", "volgnummer": 1, "is_eindstatus": false, "informeren": false}, {"url": "http://open-zaak.dev:8000/catalogi/api/v1/statustypen/aa26aa98-2610-4f06-8966-9e165c3f20da", "omschrijving": "Afgehandeld", "omschrijving_generiek": "Afgehandeld", "statustekst": "", "zaaktype": "http://open-zaak.dev:8000/catalogi/api/v1/zaaktypen/357c04ae-910f-45b0-b708-56d8072aa748", "volgnummer": 5, "is_eindstatus": true, "informeren": false}, {"url": "http://open-zaak.dev:8000/catalogi/api/v1/statustypen/22f41931-2343-43fa-a98b-a30427308430", "omschrijving": "Uitvoering afgerond", "omschrijving_generiek": "Uitvoering afgerond", "statustekst": "", "zaaktype": "http://open-zaak.dev:8000/catalogi/api/v1/zaaktypen/357c04ae-910f-45b0-b708-56d8072aa748", "volgnummer": 4, "is_eindstatus": false, "informeren": false}, {"url": "http://open-zaak.dev:8000/catalogi/api/v1/statustypen/eceab414-b047-4b5d-b6bf-b618c99a95ff", "omschrijving": "In behandeling genomen", "omschrijving_generiek": "In behandeling genomen", "statustekst": "", "zaaktype": "http://open-zaak.dev:8000/catalogi/api/v1/zaaktypen/357c04ae-910f-45b0-b708-56d8072aa748", "volgnummer": 3, "is_eindstatus": false, "informeren": false}, {"url": "http://open-zaak.dev:8000/catalogi/api/v1/statustypen/7bd6e9ee-c6c9-4c62-9e06-4c4d8441f644", "omschrijving": "Geregistreerd", "omschrijving_generiek": "Geregistreerd", "statustekst": "", "zaaktype": "http://open-zaak.dev:8000/catalogi/api/v1/zaaktypen/357c04ae-910f-45b0-b708-56d8072aa748", "volgnummer": 2, "is_eindstatus": false, "informeren": false}, {"url": "http://open-zaak.dev:8000/catalogi/api/v1/statustypen/c688034f-2fbf-4e4b-adea-4929f03d0243", "omschrijving": "Geaccepteerd", "omschrijving_generiek": "Geaccepteerd", "statustekst": "", "zaaktype": "http://open-zaak.dev:8000/catalogi/api/v1/zaaktypen/357c04ae-910f-45b0-b708-56d8072aa748", "volgnummer": 1, "is_eindstatus": false, "informeren": false}, {"url": "http://open-zaak.dev:8000/catalogi/api/v1/statustypen/4d14d007-c653-4c4f-8fd1-72c4fd83d308", "omschrijving": "Afgehandeld", "omschrijving_generiek": "Afgehandeld", "statustekst": "", "zaaktype": "http://open-zaak.dev:8000/catalogi/api/v1/zaaktypen/19584694-77d1-4ed7-837f-5bfd1bf16a1e", "volgnummer": 8, "is_eindstatus": true, "informeren": false}, {"url": "http://open-zaak.dev:8000/catalogi/api/v1/statustypen/b624d3d6-67ec-439c-bcd3-934028fa069e", "omschrijving": "Besluitvorming afgerond", "omschrijving_generiek": "Besluitvorming afgerond", "statustekst": "", "zaaktype": "http://open-zaak.dev:8000/catalogi/api/v1/zaaktypen/19584694-77d1-4ed7-837f-5bfd1bf16a1e", "volgnummer": 7, "is_eindstatus": false, "informeren": false}, {"url": "http://open-zaak.dev:8000/catalogi/api/v1/statustypen/59ed6b8b-55c6-471d-820d-cefdc03c699b", "omschrijving": "Uitvoering afgerond", "omschrijving_generiek": "Uitvoering afgerond", "statustekst": "", "zaaktype": "http://open-zaak.dev:8000/catalogi/api/v1/zaaktypen/19584694-77d1-4ed7-837f-5bfd1bf16a1e", "volgnummer": 6, "is_eindstatus": false, "informeren": false}, {"url": "http://open-zaak.dev:8000/catalogi/api/v1/statustypen/71bd072d-8247-49a0-9f6f-4539c9b5fee0", "omschrijving": "Onderzoek afgerond", "omschrijving_generiek": "Onderzoek afgerond", "statustekst": "", "zaaktype": "http://open-zaak.dev:8000/catalogi/api/v1/zaaktypen/19584694-77d1-4ed7-837f-5bfd1bf16a1e", "volgnummer": 5, "is_eindstatus": false, "informeren": false}, {"url": "http://open-zaak.dev:8000/catalogi/api/v1/statustypen/041a034b-8831-4504-81d9-6ea21e3fb9ac", "omschrijving": "In behandeling genomen", "omschrijving_generiek": "In behandeling genomen", "statustekst": "", "zaaktype": "http://open-zaak.dev:8000/catalogi/api/v1/zaaktypen/19584694-77d1-4ed7-837f-5bfd1bf16a1e", "volgnummer": 4, "is_eindstatus": false, "informeren": false}, {"url": "http://open-zaak.dev:8000/catalogi/api/v1/statustypen/839257e8-ed65-4e9c-b865-17cf97213bf2", "omschrijving": "Geregistreerd", "omschrijving_generiek": "Geregistreerd", "statustekst": "", "zaaktype": "http://open-zaak.dev:8000/catalogi/api/v1/zaaktypen/19584694-77d1-4ed7-837f-5bfd1bf16a1e", "volgnummer": 3, "is_eindstatus": false, "informeren": false}, {"url": "http://open-zaak.dev:8000/catalogi/api/v1/statustypen/6322e2f7-ea3e-45a0-bea9-35e0b64b26e3", "omschrijving": "Geaccepteerd", "omschrijving_generiek": "Geaccepteerd", "statustekst": "", "zaaktype": "http://open-zaak.dev:8000/catalogi/api/v1/zaaktypen/19584694-77d1-4ed7-837f-5bfd1bf16a1e", "volgnummer": 2, "is_eindstatus": false, "informeren": false}, {"url": "http://open-zaak.dev:8000/catalogi/api/v1/statustypen/899ef9d0-9aa8-4c0f-9dc0-2e4c36253e73", "omschrijving": "Nieuw", "omschrijving_generiek": "Nieuw", "statustekst": "", "zaaktype": "http://open-zaak.dev:8000/catalogi/api/v1/zaaktypen/19584694-77d1-4ed7-837f-5bfd1bf16a1e", "volgnummer": 1, "is_eindstatus": false, "informeren": false}]