[{"url": "http://open-zaak.dev:8000/catalogi/api/v1/zaaktype-informatieobjecttypen/78ad10e7-e301-4212-a864-2343654303a3", "zaaktype": "http://open-zaak.dev:8000/catalogi/api/v1/zaaktypen/afb88082-cd1e-4266-bb20-9b909fb88a9e", "informatieobjecttype": "http://open-zaak.dev:8000/catalogi/api/v1/informatieobjecttypen/56051a76-f2c8-4292-8143-f1fe6b0519ec", "volgnummer": 1, "richting": "intern", "statustype": null}, {"url": "http://open-zaak.dev:8000/catalogi/api/v1/zaaktype-informatieobjecttypen/46a79e47-9f8b-485b-a216-2c3fe32b50a1", "zaaktype": "http://open-zaak.dev:8000/catalogi/api/v1/zaaktypen/19584694-77d1-4ed7-837f-5bfd1bf16a1e", "informatieobjecttype": "http://open-zaak.dev:8000/catalogi/api/v1/informatieobjecttypen/43bf8f2b-60de-43fa-b4ab-63cf6e654b4c", "volgnummer": 1, "richting": "inkomend", "statustype": null}, {"url": "http://open-zaak.dev:8000/catalogi/api/v1/zaaktype-informatieobjecttypen/65484159-b43b-4256-8d6a-0267876287f1", "zaaktype": "http://open-zaak.dev:8000/catalogi/api/v1/zaaktypen/709e7a6f-2d9a-419d-ab7e-979bf0dd72b1", "informatieobjecttype": "http://open-zaak.dev:8000/catalogi/api/v1/informatieobjecttypen/43bf8f2b-60de-43fa-b4ab-63cf6e654b4c", "volgnummer": 1, "richting": "inkomend", "statustype": null}]