[{"url": "http://open-zaak.dev:8000/catalogi/api/v1/zaaktypen/63e63096-a2f1-4cab-831f-0a63109f0acf", "identificatie": "B208", "omschrijving": "Aanvraag rijbewijs", "omschrijving_generiek": "Rijbewijs", "vertrouwelijkheidaanduiding": "vertrouwelijk", "doel": "Het behandelen van een aanvraag voor een rijbewijs", "aanleiding": "Dit werkproces wordt extern getriggerd door een inkomende aanvraag.", "toelichting": "NVVB-benaming 'Rijbewijzen'. Dit werkproces betreft het behandelen van een aanvraag voor een rijbewijs. 'NRD' staat voor Nieuw Rijbewijs Document en dit rijbewijs heeft een creditcardformaat.", "indicatie_intern_of_extern": "extern", "handeling_initiator": "Aanvragen", "onderwerp": "Rijbewijs", "handeling_behandelaar": "Behanderlen", "doorlooptijd": "P28D", "servicenorm": null, "opschorting_en_aanhouding_mogelijk": true, "verlenging_mogelijk": false, "verlengingstermijn": null, "trefwoorden": ["Rijbewijs"], "publicatie_indicatie": false, "publicatietekst": "", "verantwoordingsrelatie": [], "producten_of_diensten": ["https://referentielijsten-api.vng.cloud/api/v1/procestypen/3b29996b-bc3a-4493-ae35-e0de2926f007"], "selectielijst_procestype": "https://selectielijst.openzaak.nl/api/v1/procestypen/0f86ece3-f863-4c67-928e-cc71ad0e2318", "referentieproces": {"naam": "Behandelen aanvraag product", "link": "https://www.gemmaonline.nl/index.php/GEMMA2/0.9/id-49fe8555-b001-4c86-9a81-20491e16af75"}, "catalogus": "http://open-zaak.dev:8000/catalogi/api/v1/catalogussen/4d69309e-9103-4bda-a5f2-1f2ace5ab730", "statustypen": ["http://open-zaak.dev:8000/catalogi/api/v1/statustypen/d43a54ea-4d35-4bc0-b562-1fa6e0dab4a4", "http://open-zaak.dev:8000/catalogi/api/v1/statustypen/f0867ccd-7a24-4516-ac93-d9bf1583dc70", "http://open-zaak.dev:8000/catalogi/api/v1/statustypen/b953c5ef-dee2-4e75-99cb-2c495acaa207", "http://open-zaak.dev:8000/catalogi/api/v1/statustypen/7070591c-caff-4979-aaf5-8fc6b088e2db", "http://open-zaak.dev:8000/catalogi/api/v1/statustypen/693ed8fb-83b6-4ec7-a5b4-e009a8d2ce96", "http://open-zaak.dev:8000/catalogi/api/v1/statustypen/bfb83dbc-51ce-4cf6-967f-5cb84bc8cd4a", "http://open-zaak.dev:8000/catalogi/api/v1/statustypen/53669097-1f38-4849-8772-45f8122fe67c", "http://open-zaak.dev:8000/catalogi/api/v1/statustypen/91433945-251b-4938-9258-e62dab74d54c"], "resultaattypen": ["http://open-zaak.dev:8000/catalogi/api/v1/resultaattypen/ccf5e550-1cbf-4215-bda7-d25a75d28ec8", "http://open-zaak.dev:8000/catalogi/api/v1/resultaattypen/c889f5bc-04b7-4d09-8b66-0fb4cdf9a599", "http://open-zaak.dev:8000/catalogi/api/v1/resultaattypen/f73936de-4d1d-4764-82c7-a3f9d02f07de", "http://open-zaak.dev:8000/catalogi/api/v1/resultaattypen/70f207ba-23f4-4d9d-ab1e-a14d08384875", "http://open-zaak.dev:8000/catalogi/api/v1/resultaattypen/211c9826-b386-44d7-982a-c5ec7584707d"], "eigenschappen": [], "informatieobjecttypen": [], "roltypen": ["http://open-zaak.dev:8000/catalogi/api/v1/roltypen/91a4af9a-c2be-4b58-9706-4990d7731798", "http://open-zaak.dev:8000/catalogi/api/v1/roltypen/e131026e-1ac1-46e1-ac8f-fbe31c000a00"], "besluittypen": [], "deelzaaktypen": [], "gerelateerde_zaaktypen": [], "begin_geldigheid": "2021-04-03", "einde_geldigheid": "2021-04-03", "versiedatum": "2021-04-03", "concept": false}, {"url": "http://open-zaak.dev:8000/catalogi/api/v1/zaaktypen/ac828cf9-5ea2-428f-86f8-b66b23bc8382", "identificatie": "LP00000014", "omschrijving": "Geautomatiseerde test", "omschrijving_generiek": "", "vertrouwelijkheidaanduiding": "intern", "doel": "Het uitvoeren van een periodieke test van een systeem of applicatie", "aanleiding": "Dit werkproces wordt intern getriggerd.", "toelichting": "Dit werkproces betreft het uitvoeren van een periodieke test van een systeem of applicatie. Het kan hierbij bijvoorbeeld gaan om het testen van de back-up-procedure, een koppeling tussen applicaties of om een zogeheten penetratietest (of pentest) om de kwetsbaarheden voor inbraak in een systeem of applicatie te testen. Indien de uitkomst van de test daar aanleiding toe geeft, zal een incidentmelding of een kwetsbaarheidmelding bij de IBD worden gedaan.", "indicatie_intern_of_extern": "intern", "handeling_initiator": "Melden", "onderwerp": "Periodieke test systeem of applicatie", "handeling_behandelaar": "Uitvoeren", "doorlooptijd": "P1D", "servicenorm": null, "opschorting_en_aanhouding_mogelijk": false, "verlenging_mogelijk": false, "verlengingstermijn": null, "trefwoorden": ["Geautomatiseerde test"], "publicatie_indicatie": false, "publicatietekst": "", "verantwoordingsrelatie": [], "producten_of_diensten": ["https://referentielijsten-api.vng.cloud/api/v1/procestypen/2f296607-9faa-41e1-800f-e8fcaf55b9c8"], "selectielijst_procestype": "https://selectielijst.openzaak.nl/api/v1/procestypen/d5f61062-8493-47b5-a8e3-b74f66c298e8", "referentieproces": {"naam": "Beheren automatisering", "link": "https://www.gemmaonline.nl/index.php/GEMMA2/0.9/id-e3aa69cd-6ad0-4535-83ee-ff1581207082"}, "catalogus": "http://open-zaak.dev:8000/catalogi/api/v1/catalogussen/4d69309e-9103-4bda-a5f2-1f2ace5ab730", "statustypen": ["http://open-zaak.dev:8000/catalogi/api/v1/statustypen/ad3e4d61-394c-4155-80d2-f3ff737911c6", "http://open-zaak.dev:8000/catalogi/api/v1/statustypen/a20b2eb6-01d6-40ee-a680-a2a601b2b8d5", "http://open-zaak.dev:8000/catalogi/api/v1/statustypen/dd399228-8c4f-48fd-b9da-544da1e84ae1", "http://open-zaak.dev:8000/catalogi/api/v1/statustypen/35bf210a-4f20-4e39-9be9-4febdb65db8e", "http://open-zaak.dev:8000/catalogi/api/v1/statustypen/9f41bd24-d229-4fe1-98c4-a058867f1b45"], "resultaattypen": ["http://open-zaak.dev:8000/catalogi/api/v1/resultaattypen/550621d8-c08a-4ea5-952a-19250c5c038b", "http://open-zaak.dev:8000/catalogi/api/v1/resultaattypen/7be8022f-d829-4503-a77a-2b184e69d92e"], "eigenschappen": [], "informatieobjecttypen": [], "roltypen": ["http://open-zaak.dev:8000/catalogi/api/v1/roltypen/104cd9e6-7574-4cf7-8fdc-796788f8aa6d", "http://open-zaak.dev:8000/catalogi/api/v1/roltypen/18adf82c-913c-469e-b801-328ac6bf72f3", "http://open-zaak.dev:8000/catalogi/api/v1/roltypen/0b29b92c-dda1-43ae-96ba-7d43b0377c01"], "besluittypen": [], "deelzaaktypen": [], "gerelateerde_zaaktypen": [], "begin_geldigheid": "2021-03-29", "einde_geldigheid": null, "versiedatum": "2021-03-29", "concept": false}, {"url": "http://open-zaak.dev:8000/catalogi/api/v1/zaaktypen/afb88082-cd1e-4266-bb20-9b909fb88a9e", "identificatie": "B1026", "omschrijving": "Minimaregeling aanvraag", "omschrijving_generiek": "", "vertrouwelijkheidaanduiding": "vertrouwelijk", "doel": "Dit werkproces betreft het beoordelen van een aanvraag voor een minimaregeling. Een minimaregeling is een inkomensondersteunende voorziening voor mensen met een inkomen dat niet hoger is dan 110% van het sociaal minimum. De gemeente kan deze (gedeeltelijke) vergoeding toekennen voor kosten van witgoedapparatuur, kosten voor kinderen en kosten in verband met ouderdom, een handicap of chronische ziekte. Zie voor de minimaregeling voor de kosten in verband met een ziektekostenverzekering werkproces B1261 \"Collectieve aanvullende zorgverzekering\". Een omschrijving van hetgeen beoogd is te bereiken met een zaak van dit zaaktype.", "aanleiding": "Aanvraag", "toelichting": "", "indicatie_intern_of_extern": "intern", "handeling_initiator": "aanvragen", "onderwerp": "onderwerp", "handeling_behandelaar": "handelingBehandelaar", "doorlooptijd": "P30D", "servicenorm": null, "opschorting_en_aanhouding_mogelijk": true, "verlenging_mogelijk": false, "verlengingstermijn": null, "trefwoorden": [], "publicatie_indicatie": true, "publicatietekst": "", "verantwoordingsrelatie": [], "producten_of_diensten": ["https://test.openzaak.nl/admin/catalogi/zaaktype/add/?_changelist_filters=catalogus__id__exact%3D21&catalogus=21"], "selectielijst_procestype": "https://selectielijst.openzaak.nl/api/v1/procestypen/aa8aa2fd-b9c6-4e34-9a6c-58a677f60ea0", "referentieproces": {"naam": "Verzoeken behandelen", "link": "https://referentielijsten-api.vng.cloud/api/v1/procestypen/3030daa1-d516-4cd9-8276-ef0977e32b20"}, "catalogus": "http://open-zaak.dev:8000/catalogi/api/v1/catalogussen/4d69309e-9103-4bda-a5f2-1f2ace5ab730", "statustypen": ["http://open-zaak.dev:8000/catalogi/api/v1/statustypen/238d4dee-7bb6-4819-b516-b245b8992e78", "http://open-zaak.dev:8000/catalogi/api/v1/statustypen/a38d3821-4190-4e8d-8a6d-5848cd3d26e2", "http://open-zaak.dev:8000/catalogi/api/v1/statustypen/0ed62501-68f3-47a7-9ce1-1ca72e73e6a3", "http://open-zaak.dev:8000/catalogi/api/v1/statustypen/1186153a-bfa3-41e3-a73c-b83ceb8e8c38", "http://open-zaak.dev:8000/catalogi/api/v1/statustypen/f552c8e7-a264-40db-8a0b-5541668b4d25", "http://open-zaak.dev:8000/catalogi/api/v1/statustypen/bd270743-e1eb-4e0b-9c88-2dacecdfb66f", "http://open-zaak.dev:8000/catalogi/api/v1/statustypen/3c3d660f-55f8-4342-a0aa-aa76ce47de59"], "resultaattypen": ["http://open-zaak.dev:8000/catalogi/api/v1/resultaattypen/3371c1b9-b8f6-4a46-9a37-955912a809ab", "http://open-zaak.dev:8000/catalogi/api/v1/resultaattypen/13aa543a-0e4d-4cb9-b9b4-5dc5d2e582d1"], "eigenschappen": [], "informatieobjecttypen": ["http://open-zaak.dev:8000/catalogi/api/v1/informatieobjecttypen/56051a76-f2c8-4292-8143-f1fe6b0519ec"], "roltypen": ["http://open-zaak.dev:8000/catalogi/api/v1/roltypen/f062a9fe-7cba-4707-a81d-3380e9919a46", "http://open-zaak.dev:8000/catalogi/api/v1/roltypen/30161b7a-4f51-49e2-98b4-d3123fb2e017", "http://open-zaak.dev:8000/catalogi/api/v1/roltypen/95c735bf-2c11-46d1-a794-c8d84140cac9", "http://open-zaak.dev:8000/catalogi/api/v1/roltypen/2257ff79-feff-4fb4-8169-6988012e5b89", "http://open-zaak.dev:8000/catalogi/api/v1/roltypen/0a531990-863f-4eb3-b536-5f420393ea37"], "besluittypen": [], "deelzaaktypen": [], "gerelateerde_zaaktypen": [], "begin_geldigheid": "2021-03-29", "einde_geldigheid": null, "versiedatum": "2021-03-29", "concept": false}, {"url": "http://open-zaak.dev:8000/catalogi/api/v1/zaaktypen/f7baaf19-1f0b-442e-b568-cf4e0025e76f", "identificatie": "B1261", "omschrijving": "Collectieve ziektekostenverzekering aanvragen", "omschrijving_generiek": "Aanvraag collectieve ziektekostenverzekering behandelen", "vertrouwelijkheidaanduiding": "zaakvertrouwelijk", "doel": "Het beoordelen van een aanvraag voor een collectieve aanvullende zorgverzekering", "aanleiding": "Dit werkproces wordt extern getriggerd door een inkomende aanvraag.", "toelichting": "Dit werkproces betreft het beoordelen van een aanvraag voor een collectieve aanvullende zorgverzekering. De gemeente biedt burgers met een laag inkomen de mogelijkheid hieraan deel te nemen of een tegemoetkoming te krijgen in de kosten hiervoor. Bovendien kan de gemeente met de inwerkingtreding van de Participatiewet zelf bepalen tot welke inkomensgrens inwoners hiervoor in aanmerking komen. Onder de Participatiewet vormt dit samen met het werkproces B1276 'Stadspas' de enige vorm van categoriale bijzondere bijstand die nog mogelijk is.\r\n\r\nHet betreft een zaaktype uit de, van de ZTC1 afgeleide, voorbeeldcatalogus van KING (GEMMA). Het zaaktype is gebaseerd op het GEMMA Referentiezaaktype 'Inkomens- of maatschappelijke ondersteuning verstrekken'.", "indicatie_intern_of_extern": "extern", "handeling_initiator": "Aanvragen", "onderwerp": "Collectieve aanvullende zorgverzekering", "handeling_behandelaar": "Behandelen", "doorlooptijd": "P56D", "servicenorm": "P42D", "opschorting_en_aanhouding_mogelijk": true, "verlenging_mogelijk": false, "verlengingstermijn": null, "trefwoorden": ["collectief", "ziektekostenverzekering"], "publicatie_indicatie": false, "publicatietekst": "", "verantwoordingsrelatie": [], "producten_of_diensten": [], "selectielijst_procestype": "https://selectielijst.openzaak.nl/api/v1/procestypen/0f86ece3-f863-4c67-928e-cc71ad0e2318", "referentieproces": {"naam": "Behandelen verzoek ondersteuningsproduct", "link": "https://www.gemmaonline.nl/index.php/GEMMA2/0.9/id-1b8adc39-0288-4f7a-a0b9-c53ad4e348f5"}, "catalogus": "http://open-zaak.dev:8000/catalogi/api/v1/catalogussen/4d69309e-9103-4bda-a5f2-1f2ace5ab730", "statustypen": ["http://open-zaak.dev:8000/catalogi/api/v1/statustypen/6ec5bffc-dfa8-4746-8d96-acc8c4cba941", "http://open-zaak.dev:8000/catalogi/api/v1/statustypen/57132d3f-f3ff-4160-b456-1a69d5ba3377", "http://open-zaak.dev:8000/catalogi/api/v1/statustypen/3a035d87-453e-49cd-8a6c-90f26188f416", "http://open-zaak.dev:8000/catalogi/api/v1/statustypen/8380f7c1-7b25-406e-b11b-a5d2867fd31e"], "resultaattypen": ["http://open-zaak.dev:8000/catalogi/api/v1/resultaattypen/49748aaf-cabd-4b5e-be22-a4b6f1f03936", "http://open-zaak.dev:8000/catalogi/api/v1/resultaattypen/4c034561-16f4-4804-804f-7f2d9e74ecae", "http://open-zaak.dev:8000/catalogi/api/v1/resultaattypen/f1c9addd-e225-4941-8cf0-00cd7b711ae2", "http://open-zaak.dev:8000/catalogi/api/v1/resultaattypen/caf1ed0c-4beb-4aff-891a-68ced956c338"], "eigenschappen": [], "informatieobjecttypen": [], "roltypen": ["http://open-zaak.dev:8000/catalogi/api/v1/roltypen/60e4a037-ef29-4be6-906e-05fe814057e3", "http://open-zaak.dev:8000/catalogi/api/v1/roltypen/8c13c2b1-9191-45d3-8ff3-87065eed841b", "http://open-zaak.dev:8000/catalogi/api/v1/roltypen/4de4032d-9309-4c18-a423-6c266d91c203", "http://open-zaak.dev:8000/catalogi/api/v1/roltypen/96743708-f8df-41a7-9cb8-aa191fe03dcb", "http://open-zaak.dev:8000/catalogi/api/v1/roltypen/9a577ff2-ef6c-43b0-9445-3106ea70f7f8", "http://open-zaak.dev:8000/catalogi/api/v1/roltypen/1f33b751-31d5-4985-8269-9c4a8efa4357", "http://open-zaak.dev:8000/catalogi/api/v1/roltypen/f9ef4e91-e85d-454d-8b71-f8257d9717bf"], "besluittypen": [], "deelzaaktypen": [], "gerelateerde_zaaktypen": [], "begin_geldigheid": "2023-06-01", "einde_geldigheid": null, "versiedatum": "2023-06-01", "concept": false}, {"url": "http://open-zaak.dev:8000/catalogi/api/v1/zaaktypen/709e7a6f-2d9a-419d-ab7e-979bf0dd72b1", "identificatie": "B1646", "omschrijving": "Meervoudige ondersteuningsvraag", "omschrijving_generiek": "Meervoudige ondersteuningsvraag", "vertrouwelijkheidaanduiding": "vertrouwelijk", "doel": "Het behandelen van een meervoudige ondersteuningsvraag binnen het sociaal domein", "aanleiding": "Dit werkproces wordt extern getriggerd door een inkomende aanmelding.", "toelichting": "Dit werkproces betreft het behandelen van een meervoudige ondersteuningsvraag binnen het sociaal domein. Wanneer een huishouden te maken heeft met een meervoudige problematiek waarbij het eigen oplossend vermogen tekortschiet, wordt er een aanmelding gedaan van een meervoudige ondersteuningsvraag. Deze wordt integraal behandeld, leidt tot \u00e9\u00e9n ondersteuningsplan en dit kan aanleiding geven tot acties voor de leden van het huishouden zelf of acties die door de gemeente of door zorgverleners binnen het sociaal domein worden uitgevoerd. Voor de behandeling van acties uit het ondersteuningsplan kan het subproces B1647 'Ondersteuningsplan actie behandeling' worden gebruikt.\r\nZie voor enkelvoudige ondersteuningsvragen de werkprocessen B1582 'Ondersteuningsvraag melding' (voor de Wmo), B1575 'Re-integratie plan van aanpak' (in het kader van de Participatiewet) en met betrekking tot jeugdzorg: B1590 'Jeugdhulpvraag melding', B1583 'Jeugdhulpmelding spoedeisend', B1586 'Jeugdhulpmelding uit samenleving' of B1565 'Jeugdhulpmelding van professional'.", "indicatie_intern_of_extern": "extern", "handeling_initiator": "Indienen", "onderwerp": "Meervoudige ondersteuningsvraag", "handeling_behandelaar": "Behandelen", "doorlooptijd": "P1D", "servicenorm": null, "opschorting_en_aanhouding_mogelijk": false, "verlenging_mogelijk": false, "verlengingstermijn": null, "trefwoorden": ["Ondersteuningsvraag"], "publicatie_indicatie": false, "publicatietekst": "", "verantwoordingsrelatie": [], "producten_of_diensten": ["https://referentielijsten-api.vng.cloud/api/v1/procestypen/de2397cc-3c12-4883-8e8e-701b261d45fb"], "selectielijst_procestype": "https://selectielijst.openzaak.nl/api/v1/procestypen/2692b18e-f86c-4e15-b68d-e9e50d241db3", "referentieproces": {"naam": "Uitvoeren maatschappelijke ondersteuning en zorg", "link": "https://www.gemmaonline.nl/index.php/GEMMA2/0.9/id-c8734052-f6e6-4f9d-8656-467ece06fd6a"}, "catalogus": "http://open-zaak.dev:8000/catalogi/api/v1/catalogussen/4d69309e-9103-4bda-a5f2-1f2ace5ab730", "statustypen": ["http://open-zaak.dev:8000/catalogi/api/v1/statustypen/34264849-6695-46c7-af71-5a84050f414e", "http://open-zaak.dev:8000/catalogi/api/v1/statustypen/80e6a9d0-5da6-45c0-b527-e67846da0e25", "http://open-zaak.dev:8000/catalogi/api/v1/statustypen/9a2124fd-87b7-4e6d-82d0-dcda6f819376", "http://open-zaak.dev:8000/catalogi/api/v1/statustypen/1591baf2-f6ea-4be4-9fb1-b9c52234c1fc", "http://open-zaak.dev:8000/catalogi/api/v1/statustypen/46111b5e-123b-49d9-8551-bc1d5ce9de3c", "http://open-zaak.dev:8000/catalogi/api/v1/statustypen/4998e0bb-2cce-467d-9c4e-0e441b9e81bf", "http://open-zaak.dev:8000/catalogi/api/v1/statustypen/fdee03ba-ea80-458d-ab42-486b859f86fc"], "resultaattypen": ["http://open-zaak.dev:8000/catalogi/api/v1/resultaattypen/49238ab9-aeb4-46bf-9fb6-1604d3cfcf43", "http://open-zaak.dev:8000/catalogi/api/v1/resultaattypen/38ad814c-536e-474d-9962-961a54c2d55a", "http://open-zaak.dev:8000/catalogi/api/v1/resultaattypen/9ed62900-fffd-441f-b79b-fc87b6f15ca6", "http://open-zaak.dev:8000/catalogi/api/v1/resultaattypen/4c85c58a-9822-47ba-9f27-f4e709612d0c"], "eigenschappen": [], "informatieobjecttypen": ["http://open-zaak.dev:8000/catalogi/api/v1/informatieobjecttypen/43bf8f2b-60de-43fa-b4ab-63cf6e654b4c"], "roltypen": ["http://open-zaak.dev:8000/catalogi/api/v1/roltypen/d234cbd2-bf0a-4354-a232-e0b70f2438a5", "http://open-zaak.dev:8000/catalogi/api/v1/roltypen/4acac41d-2622-4f9a-9c8f-9bc305520dfb", "http://open-zaak.dev:8000/catalogi/api/v1/roltypen/8ac47687-75a2-41d5-928c-e5cb77114a07", "http://open-zaak.dev:8000/catalogi/api/v1/roltypen/ab740b35-efe3-43ab-885f-a36177aac110", "http://open-zaak.dev:8000/catalogi/api/v1/roltypen/46dfadbd-88da-4ed6-8cd1-76db38dfafdf"], "besluittypen": [], "deelzaaktypen": [], "gerelateerde_zaaktypen": [], "begin_geldigheid": "2021-08-05", "einde_geldigheid": "2021-08-05", "versiedatum": "2021-08-05", "concept": false}, {"url": "http://open-zaak.dev:8000/catalogi/api/v1/zaaktypen/00027ed2-a498-417d-958a-939a6d86b3df", "identificatie": "B1646", "omschrijving": "Meervoudige ondersteuningsvraag", "omschrijving_generiek": "Meervoudige ondersteuningsvraag", "vertrouwelijkheidaanduiding": "vertrouwelijk", "doel": "Het behandelen van een meervoudige ondersteuningsvraag binnen het sociaal domein", "aanleiding": "Dit werkproces wordt extern getriggerd door een inkomende aanmelding.", "toelichting": "Dit werkproces betreft het behandelen van een meervoudige ondersteuningsvraag binnen het sociaal domein. Wanneer een huishouden te maken heeft met een meervoudige problematiek waarbij het eigen oplossend vermogen tekortschiet, wordt er een aanmelding gedaan van een meervoudige ondersteuningsvraag. Deze wordt integraal behandeld, leidt tot \u00e9\u00e9n ondersteuningsplan en dit kan aanleiding geven tot acties voor de leden van het huishouden zelf of acties die door de gemeente of door zorgverleners binnen het sociaal domein worden uitgevoerd. Voor de behandeling van acties uit het ondersteuningsplan kan het subproces B1647 'Ondersteuningsplan actie behandeling' worden gebruikt.\r\nZie voor enkelvoudige ondersteuningsvragen de werkprocessen B1582 'Ondersteuningsvraag melding' (voor de Wmo), B1575 'Re-integratie plan van aanpak' (in het kader van de Participatiewet) en met betrekking tot jeugdzorg: B1590 'Jeugdhulpvraag melding', B1583 'Jeugdhulpmelding spoedeisend', B1586 'Jeugdhulpmelding uit samenleving' of B1565 'Jeugdhulpmelding van professional'.", "indicatie_intern_of_extern": "extern", "handeling_initiator": "Indienen", "onderwerp": "Meervoudige ondersteuningsvraag", "handeling_behandelaar": "Behandelen", "doorlooptijd": "P1D", "servicenorm": null, "opschorting_en_aanhouding_mogelijk": false, "verlenging_mogelijk": false, "verlengingstermijn": null, "trefwoorden": ["Ondersteuningsvraag"], "publicatie_indicatie": false, "publicatietekst": "", "verantwoordingsrelatie": [], "producten_of_diensten": ["https://referentielijsten-api.vng.cloud/api/v1/procestypen/de2397cc-3c12-4883-8e8e-701b261d45fb"], "selectielijst_procestype": "https://selectielijst.openzaak.nl/api/v1/procestypen/2692b18e-f86c-4e15-b68d-e9e50d241db3", "referentieproces": {"naam": "Uitvoeren maatschappelijke ondersteuning en zorg", "link": "https://www.gemmaonline.nl/index.php/GEMMA2/0.9/id-c8734052-f6e6-4f9d-8656-467ece06fd6a"}, "catalogus": "http://open-zaak.dev:8000/catalogi/api/v1/catalogussen/4d69309e-9103-4bda-a5f2-1f2ace5ab730", "statustypen": ["http://open-zaak.dev:8000/catalogi/api/v1/statustypen/3b21c4b6-ba08-4dc1-8c5e-f33f4818cf27", "http://open-zaak.dev:8000/catalogi/api/v1/statustypen/66e43bdf-686c-42f4-887c-57bf4656b613", "http://open-zaak.dev:8000/catalogi/api/v1/statustypen/bd035749-dba3-460a-823d-dfb2b07c7a65", "http://open-zaak.dev:8000/catalogi/api/v1/statustypen/3d7f07f4-ed25-4e37-99fc-ec4266bd5967", "http://open-zaak.dev:8000/catalogi/api/v1/statustypen/b75e9ba1-0ac2-4ee7-a5af-e25ae5d8fc9e", "http://open-zaak.dev:8000/catalogi/api/v1/statustypen/5a5d4fef-b19e-4425-ba97-2973a717eafb", "http://open-zaak.dev:8000/catalogi/api/v1/statustypen/aeeb4919-a896-4bb1-abdb-b98ffcbaf1fe"], "resultaattypen": ["http://open-zaak.dev:8000/catalogi/api/v1/resultaattypen/c02dad65-7fa6-4ad8-a57b-182aea15ca11", "http://open-zaak.dev:8000/catalogi/api/v1/resultaattypen/37bd3d4e-2a78-4190-ad71-e0d743eafcd2", "http://open-zaak.dev:8000/catalogi/api/v1/resultaattypen/c74e4c7b-ecb6-4e7d-8605-94d47c30e7aa", "http://open-zaak.dev:8000/catalogi/api/v1/resultaattypen/205f0938-50d7-4f6b-98be-417cda222320"], "eigenschappen": [], "informatieobjecttypen": [], "roltypen": ["http://open-zaak.dev:8000/catalogi/api/v1/roltypen/fa59c050-cd2a-473b-a2f7-f6ef40d968f7", "http://open-zaak.dev:8000/catalogi/api/v1/roltypen/987c7991-51a1-48a7-b5fa-df32ea1ae87f", "http://open-zaak.dev:8000/catalogi/api/v1/roltypen/1b0a7f1a-300e-4909-8ac4-a1317507d272", "http://open-zaak.dev:8000/catalogi/api/v1/roltypen/6a9ba667-291e-4ff6-a815-21c12966960d", "http://open-zaak.dev:8000/catalogi/api/v1/roltypen/de5415c4-05b8-4230-82e8-3049816668ad"], "besluittypen": [], "deelzaaktypen": [], "gerelateerde_zaaktypen": [], "begin_geldigheid": "2021-08-05", "einde_geldigheid": "2021-08-05", "versiedatum": "2021-08-05", "concept": false}, {"url": "http://open-zaak.dev:8000/catalogi/api/v1/zaaktypen/2e1d486f-c775-4efc-9ade-374fe8559dc3", "identificatie": "B0208", "omschrijving": "Aanvraag rijbewijs", "omschrijving_generiek": "Rijbewijs", "vertrouwelijkheidaanduiding": "vertrouwelijk", "doel": "Het behandelen van een aanvraag voor een rijbewijs", "aanleiding": "Dit werkproces wordt extern getriggerd door een inkomende aanvraag.", "toelichting": "NVVB-benaming 'Rijbewijzen'. Dit werkproces betreft het behandelen van een aanvraag voor een rijbewijs. 'NRD' staat voor Nieuw Rijbewijs Document en dit rijbewijs heeft een creditcardformaat.", "indicatie_intern_of_extern": "extern", "handeling_initiator": "Aanvragen", "onderwerp": "Rijbewijs", "handeling_behandelaar": "Behanderlen", "doorlooptijd": "P28D", "servicenorm": null, "opschorting_en_aanhouding_mogelijk": true, "verlenging_mogelijk": false, "verlengingstermijn": null, "trefwoorden": ["Rijbewijs"], "publicatie_indicatie": false, "publicatietekst": "", "verantwoordingsrelatie": [], "producten_of_diensten": ["https://referentielijsten-api.vng.cloud/api/v1/procestypen/3b29996b-bc3a-4493-ae35-e0de2926f007"], "selectielijst_procestype": "https://selectielijst.openzaak.nl/api/v1/procestypen/0f86ece3-f863-4c67-928e-cc71ad0e2318", "referentieproces": {"naam": "Behandelen aanvraag product", "link": "https://www.gemmaonline.nl/index.php/GEMMA2/0.9/id-49fe8555-b001-4c86-9a81-20491e16af75"}, "catalogus": "http://open-zaak.dev:8000/catalogi/api/v1/catalogussen/4d69309e-9103-4bda-a5f2-1f2ace5ab730", "statustypen": ["http://open-zaak.dev:8000/catalogi/api/v1/statustypen/425b47a0-4b5f-47a9-b907-8e10ac137355", "http://open-zaak.dev:8000/catalogi/api/v1/statustypen/5ab7bca2-ba99-4955-a296-d91efc399bb9", "http://open-zaak.dev:8000/catalogi/api/v1/statustypen/8dc0d7a7-d0e6-4162-8bae-4df9049cdb86", "http://open-zaak.dev:8000/catalogi/api/v1/statustypen/47fabbb4-3de8-4b58-a226-2495d374423d", "http://open-zaak.dev:8000/catalogi/api/v1/statustypen/fee641e2-8764-43cb-9e24-7c7bf51f165b", "http://open-zaak.dev:8000/catalogi/api/v1/statustypen/be9c46f5-b28c-410f-84c0-7abe1a2ff403", "http://open-zaak.dev:8000/catalogi/api/v1/statustypen/cf81154f-da0a-4a47-9357-2b1874a0ea11", "http://open-zaak.dev:8000/catalogi/api/v1/statustypen/83ffc788-70f0-414f-a89f-9a5688e4e5b6"], "resultaattypen": ["http://open-zaak.dev:8000/catalogi/api/v1/resultaattypen/4553f0b3-4c23-4635-9ffd-b502f31c98a4", "http://open-zaak.dev:8000/catalogi/api/v1/resultaattypen/64deb00b-5f62-4472-8d07-3d53380f0eed", "http://open-zaak.dev:8000/catalogi/api/v1/resultaattypen/9de58c42-64d9-428b-9e83-1a704055bbf9", "http://open-zaak.dev:8000/catalogi/api/v1/resultaattypen/cd1b2b74-9086-49d2-be88-4300d4ab0706", "http://open-zaak.dev:8000/catalogi/api/v1/resultaattypen/ebcaf181-1020-449c-8fa8-c6e4c5f1d21e"], "eigenschappen": [], "informatieobjecttypen": [], "roltypen": ["http://open-zaak.dev:8000/catalogi/api/v1/roltypen/f07992fc-eef0-4536-ba8a-1788e9c61c3b", "http://open-zaak.dev:8000/catalogi/api/v1/roltypen/960beb83-3057-4fe4-85d4-25d6e01b25ef"], "besluittypen": [], "deelzaaktypen": [], "gerelateerde_zaaktypen": [], "begin_geldigheid": "2021-04-03", "einde_geldigheid": null, "versiedatum": "2021-04-03", "concept": false}, {"url": "http://open-zaak.dev:8000/catalogi/api/v1/zaaktypen/357c04ae-910f-45b0-b708-56d8072aa748", "identificatie": "B1647", "omschrijving": "Ondersteuningsplan actie", "omschrijving_generiek": "Ondersteuningsplan actie", "vertrouwelijkheidaanduiding": "vertrouwelijk", "doel": "Het behandelen van een actie van het ondersteuningsplan binnen het sociaal domein", "aanleiding": "Dit werkproces wordt intern getriggerd.", "toelichting": "Dit subproces betreft het behandelen van een actie van het ondersteuningsplan binnen het sociaal domein. In het kader van een meervoudige ondersteuningsvraag van een gezin of van een enkelvoudige ondersteuningsvraag binnen het sociaal domein, worden in het ondersteuningsplan acties benoemd om doelstellingen te realiseren. Deze acties kunnen door leden van het huishouden, de cli\u00ebnt, de gemeente of door een zorgverlenende instantie moeten worden uitgevoerd. Dit werkproces kan een subproces vormen van: B1646 'Meervoudige ondersteuningsvraag', B1582 'Ondersteuningsvraag melding' (voor de Wmo) en B1590 'Jeugdhulpvraag melding', B1583 'Jeugdhulpmelding spoedeisend', B1586 'Jeugdhulpmelding uit samenleving' of B1565 'Jeugdhulpmelding van professional'.", "indicatie_intern_of_extern": "intern", "handeling_initiator": "Melden", "onderwerp": "Ondersteuningsplan actie", "handeling_behandelaar": "Behandelen", "doorlooptijd": "P1D", "servicenorm": null, "opschorting_en_aanhouding_mogelijk": false, "verlenging_mogelijk": false, "verlengingstermijn": null, "trefwoorden": ["Ondersteuningsplan"], "publicatie_indicatie": false, "publicatietekst": "", "verantwoordingsrelatie": [], "producten_of_diensten": ["https://referentielijsten-api.vng.cloud/api/v1/procestypen/de2397cc-3c12-4883-8e8e-701b261d45fb"], "selectielijst_procestype": "https://selectielijst.openzaak.nl/api/v1/procestypen/2692b18e-f86c-4e15-b68d-e9e50d241db3", "referentieproces": {"naam": "Uitvoeren maatschappelijke ondersteuning en zorg", "link": "https://www.gemmaonline.nl/index.php/GEMMA2/0.9/id-c8734052-f6e6-4f9d-8656-467ece06fd6a"}, "catalogus": "http://open-zaak.dev:8000/catalogi/api/v1/catalogussen/4d69309e-9103-4bda-a5f2-1f2ace5ab730", "statustypen": ["http://open-zaak.dev:8000/catalogi/api/v1/statustypen/aa26aa98-2610-4f06-8966-9e165c3f20da", "http://open-zaak.dev:8000/catalogi/api/v1/statustypen/22f41931-2343-43fa-a98b-a30427308430", "http://open-zaak.dev:8000/catalogi/api/v1/statustypen/eceab414-b047-4b5d-b6bf-b618c99a95ff", "http://open-zaak.dev:8000/catalogi/api/v1/statustypen/7bd6e9ee-c6c9-4c62-9e06-4c4d8441f644", "http://open-zaak.dev:8000/catalogi/api/v1/statustypen/c688034f-2fbf-4e4b-adea-4929f03d0243"], "resultaattypen": ["http://open-zaak.dev:8000/catalogi/api/v1/resultaattypen/ab2ea579-90c8-4953-a7c4-e3cbf83b3d43", "http://open-zaak.dev:8000/catalogi/api/v1/resultaattypen/ad2f427d-9f63-454f-8173-2957d5fb0996"], "eigenschappen": [], "informatieobjecttypen": [], "roltypen": ["http://open-zaak.dev:8000/catalogi/api/v1/roltypen/8a424e86-c898-4b1c-a410-9d16b1933130", "http://open-zaak.dev:8000/catalogi/api/v1/roltypen/91c6c084-75cf-4e6a-9fe0-f6a634004497", "http://open-zaak.dev:8000/catalogi/api/v1/roltypen/b0af3611-6216-4245-811b-85cdb6af1c25", "http://open-zaak.dev:8000/catalogi/api/v1/roltypen/1386f80e-cf03-442c-89b6-ec44adad2610", "http://open-zaak.dev:8000/catalogi/api/v1/roltypen/7c894b0f-5f7a-4858-9432-aa8007890d44"], "besluittypen": [], "deelzaaktypen": [], "gerelateerde_zaaktypen": [{"zaaktype": "https://test.openzaak.nl/catalogi/api/v1/zaaktypen/aa954016-c5cf-4815-b21f-b03aa27ac20b", "aard_relatie": "bijdrage", "toelichting": ""}], "begin_geldigheid": "2021-08-09", "einde_geldigheid": null, "versiedatum": "2021-08-09", "concept": false}, {"url": "http://open-zaak.dev:8000/catalogi/api/v1/zaaktypen/19584694-77d1-4ed7-837f-5bfd1bf16a1e", "identificatie": "B1646", "omschrijving": "Meervoudige ondersteuningsvraag", "omschrijving_generiek": "Meervoudige ondersteuningsvraag", "vertrouwelijkheidaanduiding": "vertrouwelijk", "doel": "Het behandelen van een meervoudige ondersteuningsvraag binnen het sociaal domein", "aanleiding": "Dit werkproces wordt extern getriggerd door een inkomende aanmelding.", "toelichting": "Dit werkproces betreft het behandelen van een meervoudige ondersteuningsvraag binnen het sociaal domein. Wanneer een huishouden te maken heeft met een meervoudige problematiek waarbij het eigen oplossend vermogen tekortschiet, wordt er een aanmelding gedaan van een meervoudige ondersteuningsvraag. Deze wordt integraal behandeld, leidt tot \u00e9\u00e9n ondersteuningsplan en dit kan aanleiding geven tot acties voor de leden van het huishouden zelf of acties die door de gemeente of door zorgverleners binnen het sociaal domein worden uitgevoerd. Voor de behandeling van acties uit het ondersteuningsplan kan het subproces B1647 'Ondersteuningsplan actie behandeling' worden gebruikt.\r\nZie voor enkelvoudige ondersteuningsvragen de werkprocessen B1582 'Ondersteuningsvraag melding' (voor de Wmo), B1575 'Re-integratie plan van aanpak' (in het kader van de Participatiewet) en met betrekking tot jeugdzorg: B1590 'Jeugdhulpvraag melding', B1583 'Jeugdhulpmelding spoedeisend', B1586 'Jeugdhulpmelding uit samenleving' of B1565 'Jeugdhulpmelding van professional'.", "indicatie_intern_of_extern": "extern", "handeling_initiator": "Indienen", "onderwerp": "Meervoudige ondersteuningsvraag", "handeling_behandelaar": "Behandelen", "doorlooptijd": "P1D", "servicenorm": null, "opschorting_en_aanhouding_mogelijk": false, "verlenging_mogelijk": false, "verlengingstermijn": null, "trefwoorden": ["Ondersteuningsvraag"], "publicatie_indicatie": false, "publicatietekst": "", "verantwoordingsrelatie": [], "producten_of_diensten": ["https://referentielijsten-api.vng.cloud/api/v1/procestypen/de2397cc-3c12-4883-8e8e-701b261d45fb"], "selectielijst_procestype": "https://selectielijst.openzaak.nl/api/v1/procestypen/2692b18e-f86c-4e15-b68d-e9e50d241db3", "referentieproces": {"naam": "Uitvoeren maatschappelijke ondersteuning en zorg", "link": "https://www.gemmaonline.nl/index.php/GEMMA2/0.9/id-c8734052-f6e6-4f9d-8656-467ece06fd6a"}, "catalogus": "http://open-zaak.dev:8000/catalogi/api/v1/catalogussen/4d69309e-9103-4bda-a5f2-1f2ace5ab730", "statustypen": ["http://open-zaak.dev:8000/catalogi/api/v1/statustypen/4d14d007-c653-4c4f-8fd1-72c4fd83d308", "http://open-zaak.dev:8000/catalogi/api/v1/statustypen/b624d3d6-67ec-439c-bcd3-934028fa069e", "http://open-zaak.dev:8000/catalogi/api/v1/statustypen/59ed6b8b-55c6-471d-820d-cefdc03c699b", "http://open-zaak.dev:8000/catalogi/api/v1/statustypen/71bd072d-8247-49a0-9f6f-4539c9b5fee0", "http://open-zaak.dev:8000/catalogi/api/v1/statustypen/041a034b-8831-4504-81d9-6ea21e3fb9ac", "http://open-zaak.dev:8000/catalogi/api/v1/statustypen/839257e8-ed65-4e9c-b865-17cf97213bf2", "http://open-zaak.dev:8000/catalogi/api/v1/statustypen/6322e2f7-ea3e-45a0-bea9-35e0b64b26e3", "http://open-zaak.dev:8000/catalogi/api/v1/statustypen/899ef9d0-9aa8-4c0f-9dc0-2e4c36253e73"], "resultaattypen": ["http://open-zaak.dev:8000/catalogi/api/v1/resultaattypen/aaaa7340-5cc7-4f4c-b1cc-d54a6df0b223", "http://open-zaak.dev:8000/catalogi/api/v1/resultaattypen/33379838-e302-4e8a-8109-31a92bf9049f", "http://open-zaak.dev:8000/catalogi/api/v1/resultaattypen/9804c6df-f3cd-4226-9a97-dc0f9bcfc013", "http://open-zaak.dev:8000/catalogi/api/v1/resultaattypen/64ae7cc3-49e9-435b-b507-c99cd6f5d1ee"], "eigenschappen": [], "informatieobjecttypen": ["http://open-zaak.dev:8000/catalogi/api/v1/informatieobjecttypen/43bf8f2b-60de-43fa-b4ab-63cf6e654b4c"], "roltypen": ["http://open-zaak.dev:8000/catalogi/api/v1/roltypen/edf89be7-714e-41d5-b630-1a0ae0ec51a4", "http://open-zaak.dev:8000/catalogi/api/v1/roltypen/418754c1-5ff1-4680-9ea1-a580e24feb78", "http://open-zaak.dev:8000/catalogi/api/v1/roltypen/2ff08cf8-b2b2-40f2-a1ff-7e0d741dfc3c", "http://open-zaak.dev:8000/catalogi/api/v1/roltypen/e8de8260-ac91-4470-b3bb-a345224bff86", "http://open-zaak.dev:8000/catalogi/api/v1/roltypen/66ba9432-9306-4f8a-8ebd-600809a7432e"], "besluittypen": [], "deelzaaktypen": [], "gerelateerde_zaaktypen": [], "begin_geldigheid": "2021-08-05", "einde_geldigheid": null, "versiedatum": "2021-08-05", "concept": false}, {"url": "http://open-zaak.dev:8000/catalogi/api/v1/zaaktypen/53f6724e-5da3-4e01-8369-b69fa0d1ee97", "identificatie": "B1210", "omschrijving": "Omgevingsvergunning", "omschrijving_generiek": "Omgevingsvergunning", "vertrouwelijkheidaanduiding": "vertrouwelijk", "doel": "Het behandelen van een aanvraag voor een omgevingsvergunning", "aanleiding": "Dit werkproces wordt extern getriggerd door een inkomende aanvraag.", "toelichting": "Dit proces beschrijft de behandeling van de aanvraag voor een omgevingsvergunning met uitzondering van de beoordeling van de verschillende activiteiten waar de vergunning voor kan worden aangevraagd. Een aanvraag voor een omgevingsvergunning kan betrekking hebben op \u00e9\u00e9n of meerdere activiteiten. Zie voor de beoordeling van de verschillende activiteiten werkprocessen B1221 t/m B1232 en B1294 t/m B1297.", "indicatie_intern_of_extern": "extern", "handeling_initiator": "Aanvragen", "onderwerp": "Omgevingsvergunning", "handeling_behandelaar": "Behandelen", "doorlooptijd": "P56D", "servicenorm": null, "opschorting_en_aanhouding_mogelijk": true, "verlenging_mogelijk": true, "verlengingstermijn": "P42D", "trefwoorden": ["Omgevingsvergunning"], "publicatie_indicatie": false, "publicatietekst": "", "verantwoordingsrelatie": [], "producten_of_diensten": ["https://referentielijsten-api.vng.cloud/api/v1/procestypen/d1f8003f-df5a-4d32-b2bb-5f909e8552a2"], "selectielijst_procestype": "https://selectielijst.openzaak.nl/api/v1/procestypen/7ff2b005-4d84-47fe-983a-732bfa958ff5", "referentieproces": {"naam": "Behandelen aanvraag omgevingsvergunning", "link": "https://www.gemmaonline.nl/index.php/GEMMA2/0.9/id-7ffe31fc-4ecf-4b30-9dcb-af663f9d10a0"}, "catalogus": "http://open-zaak.dev:8000/catalogi/api/v1/catalogussen/4d69309e-9103-4bda-a5f2-1f2ace5ab730", "statustypen": ["http://open-zaak.dev:8000/catalogi/api/v1/statustypen/dd1bd204-3fb7-4d9f-80c2-9fd585bc6e3c", "http://open-zaak.dev:8000/catalogi/api/v1/statustypen/00b10f65-eec2-4fb2-8c0f-d72ad7fe0934", "http://open-zaak.dev:8000/catalogi/api/v1/statustypen/06a9e83b-caf7-45a1-9dff-ebba7e1b2bce", "http://open-zaak.dev:8000/catalogi/api/v1/statustypen/56126e95-3dfd-45c9-9de4-9924eb6e2cf8", "http://open-zaak.dev:8000/catalogi/api/v1/statustypen/07968bcc-4578-43fe-a1d9-63caa0264094", "http://open-zaak.dev:8000/catalogi/api/v1/statustypen/9c970f56-be21-4d9e-b13d-7713caa82425", "http://open-zaak.dev:8000/catalogi/api/v1/statustypen/ff053714-b623-431a-945d-39fe0407f59a", "http://open-zaak.dev:8000/catalogi/api/v1/statustypen/ebc07703-89b4-4d54-9e9e-ab8a124cceb4", "http://open-zaak.dev:8000/catalogi/api/v1/statustypen/ae9b1d33-1199-432f-b601-1e030a2ce53e", "http://open-zaak.dev:8000/catalogi/api/v1/statustypen/bef7e40c-3fc6-46ad-be11-c32e0cf085b7"], "resultaattypen": ["http://open-zaak.dev:8000/catalogi/api/v1/resultaattypen/f6855d6d-0ede-49d3-862e-fa673e2d35c0", "http://open-zaak.dev:8000/catalogi/api/v1/resultaattypen/25f335c7-a6ab-4931-8ee0-0e24e80641d0", "http://open-zaak.dev:8000/catalogi/api/v1/resultaattypen/b152e43b-2d15-424b-a5b8-9f12721a77f1", "http://open-zaak.dev:8000/catalogi/api/v1/resultaattypen/a5cd1160-4bf8-4afb-8066-b92475b1be95", "http://open-zaak.dev:8000/catalogi/api/v1/resultaattypen/a289ee50-245f-4f6c-be2e-b309dd7951fb"], "eigenschappen": [], "informatieobjecttypen": [], "roltypen": ["http://open-zaak.dev:8000/catalogi/api/v1/roltypen/89ab2255-a523-436f-a681-a616c838dee6", "http://open-zaak.dev:8000/catalogi/api/v1/roltypen/309cfe60-d9c5-42b1-b863-7aaf14dbe21d", "http://open-zaak.dev:8000/catalogi/api/v1/roltypen/bf6f3f1b-ced1-4f19-86d5-c635a889e636"], "besluittypen": [], "deelzaaktypen": [], "gerelateerde_zaaktypen": [], "begin_geldigheid": "2021-04-03", "einde_geldigheid": null, "versiedatum": "2021-04-03", "concept": false}]