[{"url": "http://example.com/catalogi/api/v1/catalogussen/3ab23698-ba64-4bd8-9755-848adb68ad09", "domein": "SWF", "rsin": "823288444", "contactpersoon_beheer_naam": "Eduard Witteveen", "contactpersoon_beheer_telefoonnummer": "06 256 905 94", "contactpersoon_beheer_emailadres": "e.witteveen@sudwestfryslan.nl", "zaaktypen": ["http://example.com/catalogi/api/v1/zaaktypen/667553e7-7aae-4106-be65-5442f90e80af", "http://example.com/catalogi/api/v1/zaaktypen/a5525845-f393-42b2-86a1-991d015fc9d6", "http://example.com/catalogi/api/v1/zaaktypen/0794b397-f7fb-49d8-8657-8c9a75405757", "http://example.com/catalogi/api/v1/zaaktypen/2ccced3b-8fe0-48b9-a8e4-906095ca394e", "http://example.com/catalogi/api/v1/zaaktypen/b6e17aa7-17f4-4d68-9f46-28faac028eb8", "http://example.com/catalogi/api/v1/zaaktypen/83da637c-c463-47a5-9355-98f1de85391f", "http://example.com/catalogi/api/v1/zaaktypen/e9198957-09bd-4788-b71f-155b77c56e2c", "http://example.com/catalogi/api/v1/zaaktypen/95923345-fd45-400e-8f27-c4cfbf3d2259", "http://example.com/catalogi/api/v1/zaaktypen/0c1b42d3-28b1-4c10-9b27-008cb1c32df6"], "besluittypen": [], "informatieobjecttypen": ["http://example.com/catalogi/api/v1/informatieobjecttypen/7bb785d8-d3bb-40f5-b9b8-8b080f0d3967", "http://example.com/catalogi/api/v1/informatieobjecttypen/66de6a3f-26a3-4d0f-894e-1b06dd1d4dcc"]}]