[{"url": "http://example.com/catalogi/api/v1/informatieobjecttypen/66de6a3f-26a3-4d0f-894e-1b06dd1d4dcc", "catalogus": "http://example.com/catalogi/api/v1/catalogussen/3ab23698-ba64-4bd8-9755-848adb68ad09", "omschrijving": "Bijlage bij melding", "vertrouwelijkheidaanduiding": "zaakvertrouwelijk", "begin_geldigheid": "2021-08-05", "einde_geldigheid": null, "concept": false}, {"url": "http://example.com/catalogi/api/v1/informatieobjecttypen/7bb785d8-d3bb-40f5-b9b8-8b080f0d3967", "catalogus": "http://example.com/catalogi/api/v1/catalogussen/3ab23698-ba64-4bd8-9755-848adb68ad09", "omschrijving": "Brief", "vertrouwelijkheidaanduiding": "intern", "begin_geldigheid": "2021-03-29", "einde_geldigheid": null, "concept": false}]