[{"url": "http://example.com/catalogi/api/v1/resultaattypen/182f2b59-7806-4c81-bfbc-61788d1cd84a", "zaaktype": "http://example.com/catalogi/api/v1/zaaktypen/2ccced3b-8fe0-48b9-a8e4-906095ca394e", "omschrijving": "Afgebroken", "resultaattypeomschrijving": "https://selectielijst.openzaak.nl/api/v1/resultaattypeomschrijvingen/ce8cf476-0b59-496f-8eee-957a7c6e2506", "omschrijving_generiek": "Afgebroken", "selectielijstklasse": "https://selectielijst.openzaak.nl/api/v1/resultaten/450c6aba-625e-4539-a1c3-3d71477113c7", "toelichting": "", "archiefnominatie": "vernietigen", "archiefactietermijn": "P365D", "brondatum_archiefprocedure": {"afleidingswijze": "afgehandeld", "datumkenmerk": "", "einddatum_bekend": false, "objecttype": "", "registratie": "", "procestermijn": null}}, {"url": "http://example.com/catalogi/api/v1/resultaattypen/18b649ea-61b1-457d-90fa-a681b49beea6", "zaaktype": "http://example.com/catalogi/api/v1/zaaktypen/2ccced3b-8fe0-48b9-a8e4-906095ca394e", "omschrijving": "Uitgevoerd", "resultaattypeomschrijving": "https://selectielijst.openzaak.nl/api/v1/resultaattypeomschrijvingen/f33dbd16-68ae-4820-acb5-5f437bca5edb", "omschrijving_generiek": "Verwerkt", "selectielijstklasse": "https://selectielijst.openzaak.nl/api/v1/resultaten/d52e6e2c-9a7a-403c-9b01-3e5ef1b052c9", "toelichting": "", "archiefnominatie": "vernietigen", "archiefactietermijn": "P365D", "brondatum_archiefprocedure": {"afleidingswijze": "afgehandeld", "datumkenmerk": "", "einddatum_bekend": false, "objecttype": "", "registratie": "", "procestermijn": null}}, {"url": "http://example.com/catalogi/api/v1/resultaattypen/314ba199-e363-4676-8b38-e9daebf31ddd", "zaaktype": "http://example.com/catalogi/api/v1/zaaktypen/0794b397-f7fb-49d8-8657-8c9a75405757", "omschrijving": "Buiten behandeling g", "resultaattypeomschrijving": "https://selectielijst.openzaak.nl/api/v1/resultaattypeomschrijvingen/a6a0bd73-262a-401a-b629-9c4a908c69b5", "omschrijving_generiek": "Ingetrokken", "selectielijstklasse": "https://selectielijst.openzaak.nl/api/v1/resultaten/4811c2bc-3255-4cd4-a00a-7ed59223b8b1", "toelichting": "", "archiefnominatie": "vernietigen", "archiefactietermijn": "P1826D", "brondatum_archiefprocedure": {"afleidingswijze": "afgehandeld", "datumkenmerk": "", "einddatum_bekend": false, "objecttype": "", "registratie": "", "procestermijn": null}}, {"url": "http://example.com/catalogi/api/v1/resultaattypen/7db13851-91be-45ee-a3ca-bc94276ae37d", "zaaktype": "http://example.com/catalogi/api/v1/zaaktypen/0794b397-f7fb-49d8-8657-8c9a75405757", "omschrijving": "Toegekend", "resultaattypeomschrijving": "https://selectielijst.openzaak.nl/api/v1/resultaattypeomschrijvingen/ce8cf476-0b59-496f-8eee-957a7c6e2506", "omschrijving_generiek": "Afgebroken", "selectielijstklasse": "https://selectielijst.openzaak.nl/api/v1/resultaten/afa30940-855b-4a7e-aa21-9e15a8078814", "toelichting": "", "archiefnominatie": "vernietigen", "archiefactietermijn": "P3652D", "brondatum_archiefprocedure": {"afleidingswijze": "afgehandeld", "datumkenmerk": "", "einddatum_bekend": false, "objecttype": "", "registratie": "", "procestermijn": null}}, {"url": "http://example.com/catalogi/api/v1/resultaattypen/43927de6-b435-4c27-8773-773283cc742c", "zaaktype": "http://example.com/catalogi/api/v1/zaaktypen/b6e17aa7-17f4-4d68-9f46-28faac028eb8", "omschrijving": "Aanvraag afgewezen", "resultaattypeomschrijving": "https://selectielijst.openzaak.nl/api/v1/resultaattypeomschrijvingen/ce8cf476-0b59-496f-8eee-957a7c6e2506", "omschrijving_generiek": "Afgebroken", "selectielijstklasse": "https://selectielijst.openzaak.nl/api/v1/resultaten/733f7553-fb30-4e68-8aa6-2d211de84fb7", "toelichting": "", "archiefnominatie": "vernietigen", "archiefactietermijn": "P365D", "brondatum_archiefprocedure": {"afleidingswijze": "afgehandeld", "datumkenmerk": "", "einddatum_bekend": false, "objecttype": "", "registratie": "", "procestermijn": null}}, {"url": "http://example.com/catalogi/api/v1/resultaattypen/409cc4e7-4a21-40ae-b019-64c9d3470158", "zaaktype": "http://example.com/catalogi/api/v1/zaaktypen/b6e17aa7-17f4-4d68-9f46-28faac028eb8", "omschrijving": "Aanvraag geannuleerd", "resultaattypeomschrijving": "https://selectielijst.openzaak.nl/api/v1/resultaattypeomschrijvingen/ce8cf476-0b59-496f-8eee-957a7c6e2506", "omschrijving_generiek": "Afgebroken", "selectielijstklasse": "https://selectielijst.openzaak.nl/api/v1/resultaten/733f7553-fb30-4e68-8aa6-2d211de84fb7", "toelichting": "", "archiefnominatie": "vernietigen", "archiefactietermijn": "P365D", "brondatum_archiefprocedure": {"afleidingswijze": "afgehandeld", "datumkenmerk": "", "einddatum_bekend": false, "objecttype": "", "registratie": "", "procestermijn": null}}, {"url": "http://example.com/catalogi/api/v1/resultaattypen/b011698f-c176-48f8-ae00-2634a1e792c2", "zaaktype": "http://example.com/catalogi/api/v1/zaaktypen/b6e17aa7-17f4-4d68-9f46-28faac028eb8", "omschrijving": "Geleverd voor 5 jaar", "resultaattypeomschrijving": "https://selectielijst.openzaak.nl/api/v1/resultaattypeomschrijvingen/f33dbd16-68ae-4820-acb5-5f437bca5edb", "omschrijving_generiek": "Verwerkt", "selectielijstklasse": "https://selectielijst.openzaak.nl/api/v1/resultaten/b3e2368f-65c7-4764-b7bf-f0d025c7609b", "toelichting": "", "archiefnominatie": "vernietigen", "archiefactietermijn": "P2191D", "brondatum_archiefprocedure": {"afleidingswijze": "hoofdzaak", "datumkenmerk": "", "einddatum_bekend": false, "objecttype": "", "registratie": "", "procestermijn": null}}, {"url": "http://example.com/catalogi/api/v1/resultaattypen/99600991-60ee-4fdf-8a90-c7f74dc7a4d2", "zaaktype": "http://example.com/catalogi/api/v1/zaaktypen/b6e17aa7-17f4-4d68-9f46-28faac028eb8", "omschrijving": "Niet uitgereikt", "resultaattypeomschrijving": "https://selectielijst.openzaak.nl/api/v1/resultaattypeomschrijvingen/a6a0bd73-262a-401a-b629-9c4a908c69b5", "omschrijving_generiek": "Ingetrokken", "selectielijstklasse": "https://selectielijst.openzaak.nl/api/v1/resultaten/cf0c6097-dd84-4e01-8401-28403ab738b0", "toelichting": "", "archiefnominatie": "vernietigen", "archiefactietermijn": "P365D", "brondatum_archiefprocedure": {"afleidingswijze": "afgehandeld", "datumkenmerk": "", "einddatum_bekend": false, "objecttype": "", "registratie": "", "procestermijn": null}}, {"url": "http://example.com/catalogi/api/v1/resultaattypen/bfdac212-e282-4902-a7d2-1c685f98bd30", "zaaktype": "http://example.com/catalogi/api/v1/zaaktypen/b6e17aa7-17f4-4d68-9f46-28faac028eb8", "omschrijving": "Uitgereikt", "resultaattypeomschrijving": "https://selectielijst.openzaak.nl/api/v1/resultaattypeomschrijvingen/f33dbd16-68ae-4820-acb5-5f437bca5edb", "omschrijving_generiek": "Verwerkt", "selectielijstklasse": "https://selectielijst.openzaak.nl/api/v1/resultaten/b3e2368f-65c7-4764-b7bf-f0d025c7609b", "toelichting": "", "archiefnominatie": "vernietigen", "archiefactietermijn": "P4018D", "brondatum_archiefprocedure": {"afleidingswijze": "hoofdzaak", "datumkenmerk": "", "einddatum_bekend": false, "objecttype": "", "registratie": "", "procestermijn": null}}, {"url": "http://example.com/catalogi/api/v1/resultaattypen/d2b851d2-f52a-4ea5-8784-e4d2d4dc0516", "zaaktype": "http://example.com/catalogi/api/v1/zaaktypen/0c1b42d3-28b1-4c10-9b27-008cb1c32df6", "omschrijving": "Uitgereikt", "resultaattypeomschrijving": "https://selectielijst.openzaak.nl/api/v1/resultaattypeomschrijvingen/f33dbd16-68ae-4820-acb5-5f437bca5edb", "omschrijving_generiek": "Verwerkt", "selectielijstklasse": "https://selectielijst.openzaak.nl/api/v1/resultaten/b3e2368f-65c7-4764-b7bf-f0d025c7609b", "toelichting": "", "archiefnominatie": "vernietigen", "archiefactietermijn": "P4018D", "brondatum_archiefprocedure": {"afleidingswijze": "hoofdzaak", "datumkenmerk": "", "einddatum_bekend": false, "objecttype": "", "registratie": "", "procestermijn": null}}, {"url": "http://example.com/catalogi/api/v1/resultaattypen/fc6b136e-adf0-4195-9deb-2e96c23bae16", "zaaktype": "http://example.com/catalogi/api/v1/zaaktypen/0c1b42d3-28b1-4c10-9b27-008cb1c32df6", "omschrijving": "Niet uitgereikt", "resultaattypeomschrijving": "https://selectielijst.openzaak.nl/api/v1/resultaattypeomschrijvingen/a6a0bd73-262a-401a-b629-9c4a908c69b5", "omschrijving_generiek": "Ingetrokken", "selectielijstklasse": "https://selectielijst.openzaak.nl/api/v1/resultaten/cf0c6097-dd84-4e01-8401-28403ab738b0", "toelichting": "", "archiefnominatie": "vernietigen", "archiefactietermijn": "P365D", "brondatum_archiefprocedure": {"afleidingswijze": "afgehandeld", "datumkenmerk": "", "einddatum_bekend": false, "objecttype": "", "registratie": "", "procestermijn": null}}, {"url": "http://example.com/catalogi/api/v1/resultaattypen/5c54e933-ac3b-4fb3-afba-7d69d54269fa", "zaaktype": "http://example.com/catalogi/api/v1/zaaktypen/0c1b42d3-28b1-4c10-9b27-008cb1c32df6", "omschrijving": "Geleverd voor 5 jaar", "resultaattypeomschrijving": "https://selectielijst.openzaak.nl/api/v1/resultaattypeomschrijvingen/f33dbd16-68ae-4820-acb5-5f437bca5edb", "omschrijving_generiek": "Verwerkt", "selectielijstklasse": "https://selectielijst.openzaak.nl/api/v1/resultaten/b3e2368f-65c7-4764-b7bf-f0d025c7609b", "toelichting": "", "archiefnominatie": "vernietigen", "archiefactietermijn": "P2191D", "brondatum_archiefprocedure": {"afleidingswijze": "hoofdzaak", "datumkenmerk": "", "einddatum_bekend": false, "objecttype": "", "registratie": "", "procestermijn": null}}, {"url": "http://example.com/catalogi/api/v1/resultaattypen/c7ef3f58-06a6-427b-a85f-2522e8f76fbf", "zaaktype": "http://example.com/catalogi/api/v1/zaaktypen/0c1b42d3-28b1-4c10-9b27-008cb1c32df6", "omschrijving": "Aanvraag geannuleerd", "resultaattypeomschrijving": "https://selectielijst.openzaak.nl/api/v1/resultaattypeomschrijvingen/ce8cf476-0b59-496f-8eee-957a7c6e2506", "omschrijving_generiek": "Afgebroken", "selectielijstklasse": "https://selectielijst.openzaak.nl/api/v1/resultaten/733f7553-fb30-4e68-8aa6-2d211de84fb7", "toelichting": "", "archiefnominatie": "vernietigen", "archiefactietermijn": "P365D", "brondatum_archiefprocedure": {"afleidingswijze": "afgehandeld", "datumkenmerk": "", "einddatum_bekend": false, "objecttype": "", "registratie": "", "procestermijn": null}}, {"url": "http://example.com/catalogi/api/v1/resultaattypen/5f73593d-75dd-463d-a207-a7097b93265a", "zaaktype": "http://example.com/catalogi/api/v1/zaaktypen/0c1b42d3-28b1-4c10-9b27-008cb1c32df6", "omschrijving": "Aanvraag afgewezen", "resultaattypeomschrijving": "https://selectielijst.openzaak.nl/api/v1/resultaattypeomschrijvingen/ce8cf476-0b59-496f-8eee-957a7c6e2506", "omschrijving_generiek": "Afgebroken", "selectielijstklasse": "https://selectielijst.openzaak.nl/api/v1/resultaten/733f7553-fb30-4e68-8aa6-2d211de84fb7", "toelichting": "", "archiefnominatie": "vernietigen", "archiefactietermijn": "P365D", "brondatum_archiefprocedure": {"afleidingswijze": "afgehandeld", "datumkenmerk": "", "einddatum_bekend": false, "objecttype": "", "registratie": "", "procestermijn": null}}, {"url": "http://example.com/catalogi/api/v1/resultaattypen/67e42d57-c339-402b-b303-7166dcdb6a02", "zaaktype": "http://example.com/catalogi/api/v1/zaaktypen/95923345-fd45-400e-8f27-c4cfbf3d2259", "omschrijving": "Buiten behandeling", "resultaattypeomschrijving": "https://selectielijst.openzaak.nl/api/v1/resultaattypeomschrijvingen/ce8cf476-0b59-496f-8eee-957a7c6e2506", "omschrijving_generiek": "Afgebroken", "selectielijstklasse": "https://selectielijst.openzaak.nl/api/v1/resultaten/f572cb0e-244a-4682-b57e-0c044c468387", "toelichting": "", "archiefnominatie": "vernietigen", "archiefactietermijn": "P1826D", "brondatum_archiefprocedure": {"afleidingswijze": "afgehandeld", "datumkenmerk": "", "einddatum_bekend": false, "objecttype": "", "registratie": "", "procestermijn": null}}, {"url": "http://example.com/catalogi/api/v1/resultaattypen/baeef34e-1cb4-4297-843f-ad86550f23d7", "zaaktype": "http://example.com/catalogi/api/v1/zaaktypen/95923345-fd45-400e-8f27-c4cfbf3d2259", "omschrijving": "Ingetrokken", "resultaattypeomschrijving": "https://selectielijst.openzaak.nl/api/v1/resultaattypeomschrijvingen/a6a0bd73-262a-401a-b629-9c4a908c69b5", "omschrijving_generiek": "Ingetrokken", "selectielijstklasse": "https://selectielijst.openzaak.nl/api/v1/resultaten/12421a71-3dc3-42df-a0dc-820c1744c7b7", "toelichting": "", "archiefnominatie": "vernietigen", "archiefactietermijn": "P365D", "brondatum_archiefprocedure": {"afleidingswijze": "afgehandeld", "datumkenmerk": "", "einddatum_bekend": false, "objecttype": "", "registratie": "", "procestermijn": null}}, {"url": "http://example.com/catalogi/api/v1/resultaattypen/d00935fb-12a6-43de-9f0a-4de082459522", "zaaktype": "http://example.com/catalogi/api/v1/zaaktypen/95923345-fd45-400e-8f27-c4cfbf3d2259", "omschrijving": "Niet verleend", "resultaattypeomschrijving": "https://selectielijst.openzaak.nl/api/v1/resultaattypeomschrijvingen/ce8cf476-0b59-496f-8eee-957a7c6e2506", "omschrijving_generiek": "Afgebroken", "selectielijstklasse": "https://selectielijst.openzaak.nl/api/v1/resultaten/f572cb0e-244a-4682-b57e-0c044c468387", "toelichting": "", "archiefnominatie": "vernietigen", "archiefactietermijn": "P1826D", "brondatum_archiefprocedure": {"afleidingswijze": "afgehandeld", "datumkenmerk": "", "einddatum_bekend": false, "objecttype": "", "registratie": "", "procestermijn": null}}, {"url": "http://example.com/catalogi/api/v1/resultaattypen/ba940dd8-3771-4db8-81e9-be4f390adf10", "zaaktype": "http://example.com/catalogi/api/v1/zaaktypen/95923345-fd45-400e-8f27-c4cfbf3d2259", "omschrijving": "Vergunningvrij", "resultaattypeomschrijving": "https://selectielijst.openzaak.nl/api/v1/resultaattypeomschrijvingen/f7d2dc14-1b71-4179-aed3-4e7abcfbeb0d", "omschrijving_generiek": "Verleend", "selectielijstklasse": "https://selectielijst.openzaak.nl/api/v1/resultaten/2e0ff361-8887-44ed-a3fb-218c5645c2c3", "toelichting": "", "archiefnominatie": "blijvend_bewaren", "archiefactietermijn": null, "brondatum_archiefprocedure": {"afleidingswijze": "afgehandeld", "datumkenmerk": "", "einddatum_bekend": false, "objecttype": "", "registratie": "", "procestermijn": null}}, {"url": "http://example.com/catalogi/api/v1/resultaattypen/62e9b083-38cc-4506-aded-514f2308f919", "zaaktype": "http://example.com/catalogi/api/v1/zaaktypen/95923345-fd45-400e-8f27-c4cfbf3d2259", "omschrijving": "Verleend", "resultaattypeomschrijving": "https://selectielijst.openzaak.nl/api/v1/resultaattypeomschrijvingen/ce8cf476-0b59-496f-8eee-957a7c6e2506", "omschrijving_generiek": "Afgebroken", "selectielijstklasse": "https://selectielijst.openzaak.nl/api/v1/resultaten/2e0ff361-8887-44ed-a3fb-218c5645c2c3", "toelichting": "", "archiefnominatie": "blijvend_bewaren", "archiefactietermijn": null, "brondatum_archiefprocedure": {"afleidingswijze": "afgehandeld", "datumkenmerk": "", "einddatum_bekend": false, "objecttype": "", "registratie": "", "procestermijn": null}}, {"url": "http://example.com/catalogi/api/v1/resultaattypen/ea2591fa-e3f9-4df5-8d36-0fe00a536c04", "zaaktype": "http://example.com/catalogi/api/v1/zaaktypen/e9198957-09bd-4788-b71f-155b77c56e2c", "omschrijving": "Afgebroken", "resultaattypeomschrijving": "https://selectielijst.openzaak.nl/api/v1/resultaattypeomschrijvingen/ce8cf476-0b59-496f-8eee-957a7c6e2506", "omschrijving_generiek": "Afgebroken", "selectielijstklasse": "https://selectielijst.openzaak.nl/api/v1/resultaten/6b2e6d05-5eab-4655-bcda-e6f3258e6e85", "toelichting": "", "archiefnominatie": "vernietigen", "archiefactietermijn": "P42D", "brondatum_archiefprocedure": {"afleidingswijze": "afgehandeld", "datumkenmerk": "", "einddatum_bekend": false, "objecttype": "", "registratie": "", "procestermijn": null}}, {"url": "http://example.com/catalogi/api/v1/resultaattypen/0b26bf3d-c254-4e08-8ea9-e15611474a76", "zaaktype": "http://example.com/catalogi/api/v1/zaaktypen/e9198957-09bd-4788-b71f-155b77c56e2c", "omschrijving": "Afgehandeld", "resultaattypeomschrijving": "https://selectielijst.openzaak.nl/api/v1/resultaattypeomschrijvingen/7cb315fb-4f7b-4a43-aca1-e4522e4c73b3", "omschrijving_generiek": "Afgehandeld", "selectielijstklasse": "https://selectielijst.openzaak.nl/api/v1/resultaten/e0e60015-84c5-4001-a8a0-1f3a87de0cfd", "toelichting": "", "archiefnominatie": "vernietigen", "archiefactietermijn": "P5479D", "brondatum_archiefprocedure": {"afleidingswijze": "afgehandeld", "datumkenmerk": "", "einddatum_bekend": false, "objecttype": "", "registratie": "", "procestermijn": null}}, {"url": "http://example.com/catalogi/api/v1/resultaattypen/7bab14ce-46ea-4f53-b4ea-16cedc0146d7", "zaaktype": "http://example.com/catalogi/api/v1/zaaktypen/e9198957-09bd-4788-b71f-155b77c56e2c", "omschrijving": "Buiten behandeling g", "resultaattypeomschrijving": "https://selectielijst.openzaak.nl/api/v1/resultaattypeomschrijvingen/9c180d8b-2dd7-4a6f-89fa-7ba4d2f0cd8d", "omschrijving_generiek": "Niet vastgesteld", "selectielijstklasse": "https://selectielijst.openzaak.nl/api/v1/resultaten/51968c23-bde6-46a3-8b44-6551b776400c", "toelichting": "", "archiefnominatie": "vernietigen", "archiefactietermijn": "P1826D", "brondatum_archiefprocedure": {"afleidingswijze": "afgehandeld", "datumkenmerk": "", "einddatum_bekend": false, "objecttype": "", "registratie": "", "procestermijn": null}}, {"url": "http://example.com/catalogi/api/v1/resultaattypen/925f4805-7806-4754-b97d-c05eb817e48f", "zaaktype": "http://example.com/catalogi/api/v1/zaaktypen/e9198957-09bd-4788-b71f-155b77c56e2c", "omschrijving": "Geweigerd", "resultaattypeomschrijving": "https://selectielijst.openzaak.nl/api/v1/resultaattypeomschrijvingen/1f750958-431c-4916-bc01-af5d3a753b41", "omschrijving_generiek": "Geweigerd", "selectielijstklasse": "https://selectielijst.openzaak.nl/api/v1/resultaten/51968c23-bde6-46a3-8b44-6551b776400c", "toelichting": "", "archiefnominatie": "vernietigen", "archiefactietermijn": "P1826D", "brondatum_archiefprocedure": {"afleidingswijze": "afgehandeld", "datumkenmerk": "", "einddatum_bekend": false, "objecttype": "", "registratie": "", "procestermijn": null}}, {"url": "http://example.com/catalogi/api/v1/resultaattypen/cceb4895-0afc-485f-a844-da67c479b574", "zaaktype": "http://example.com/catalogi/api/v1/zaaktypen/667553e7-7aae-4106-be65-5442f90e80af", "omschrijving": "Geweigerd", "resultaattypeomschrijving": "https://selectielijst.openzaak.nl/api/v1/resultaattypeomschrijvingen/1f750958-431c-4916-bc01-af5d3a753b41", "omschrijving_generiek": "Geweigerd", "selectielijstklasse": "https://selectielijst.openzaak.nl/api/v1/resultaten/51968c23-bde6-46a3-8b44-6551b776400c", "toelichting": "", "archiefnominatie": "vernietigen", "archiefactietermijn": "P1826D", "brondatum_archiefprocedure": {"afleidingswijze": "afgehandeld", "datumkenmerk": "", "einddatum_bekend": false, "objecttype": "", "registratie": "", "procestermijn": null}}, {"url": "http://example.com/catalogi/api/v1/resultaattypen/25eab4f2-1d08-47a0-bb54-7eab37b1cf1d", "zaaktype": "http://example.com/catalogi/api/v1/zaaktypen/667553e7-7aae-4106-be65-5442f90e80af", "omschrijving": "Buiten behandeling g", "resultaattypeomschrijving": "https://selectielijst.openzaak.nl/api/v1/resultaattypeomschrijvingen/9c180d8b-2dd7-4a6f-89fa-7ba4d2f0cd8d", "omschrijving_generiek": "Niet vastgesteld", "selectielijstklasse": "https://selectielijst.openzaak.nl/api/v1/resultaten/51968c23-bde6-46a3-8b44-6551b776400c", "toelichting": "", "archiefnominatie": "vernietigen", "archiefactietermijn": "P1826D", "brondatum_archiefprocedure": {"afleidingswijze": "afgehandeld", "datumkenmerk": "", "einddatum_bekend": false, "objecttype": "", "registratie": "", "procestermijn": null}}, {"url": "http://example.com/catalogi/api/v1/resultaattypen/1033f1c8-eac7-437a-8ef5-82215dffc968", "zaaktype": "http://example.com/catalogi/api/v1/zaaktypen/667553e7-7aae-4106-be65-5442f90e80af", "omschrijving": "Afgehandeld", "resultaattypeomschrijving": "https://selectielijst.openzaak.nl/api/v1/resultaattypeomschrijvingen/7cb315fb-4f7b-4a43-aca1-e4522e4c73b3", "omschrijving_generiek": "Afgehandeld", "selectielijstklasse": "https://selectielijst.openzaak.nl/api/v1/resultaten/e0e60015-84c5-4001-a8a0-1f3a87de0cfd", "toelichting": "", "archiefnominatie": "vernietigen", "archiefactietermijn": "P5479D", "brondatum_archiefprocedure": {"afleidingswijze": "afgehandeld", "datumkenmerk": "", "einddatum_bekend": false, "objecttype": "", "registratie": "", "procestermijn": null}}, {"url": "http://example.com/catalogi/api/v1/resultaattypen/a03f3772-8403-47b9-ad5b-f62191f4e0c0", "zaaktype": "http://example.com/catalogi/api/v1/zaaktypen/667553e7-7aae-4106-be65-5442f90e80af", "omschrijving": "Afgebroken", "resultaattypeomschrijving": "https://selectielijst.openzaak.nl/api/v1/resultaattypeomschrijvingen/ce8cf476-0b59-496f-8eee-957a7c6e2506", "omschrijving_generiek": "Afgebroken", "selectielijstklasse": "https://selectielijst.openzaak.nl/api/v1/resultaten/6b2e6d05-5eab-4655-bcda-e6f3258e6e85", "toelichting": "", "archiefnominatie": "vernietigen", "archiefactietermijn": "P42D", "brondatum_archiefprocedure": {"afleidingswijze": "afgehandeld", "datumkenmerk": "", "einddatum_bekend": false, "objecttype": "", "registratie": "", "procestermijn": null}}, {"url": "http://example.com/catalogi/api/v1/resultaattypen/61e4387a-42c9-4e91-9615-73b8093313f6", "zaaktype": "http://example.com/catalogi/api/v1/zaaktypen/a5525845-f393-42b2-86a1-991d015fc9d6", "omschrijving": "Afgebroken", "resultaattypeomschrijving": "https://selectielijst.openzaak.nl/api/v1/resultaattypeomschrijvingen/ce8cf476-0b59-496f-8eee-957a7c6e2506", "omschrijving_generiek": "Afgebroken", "selectielijstklasse": "https://selectielijst.openzaak.nl/api/v1/resultaten/6b2e6d05-5eab-4655-bcda-e6f3258e6e85", "toelichting": "", "archiefnominatie": "vernietigen", "archiefactietermijn": "P42D", "brondatum_archiefprocedure": {"afleidingswijze": "afgehandeld", "datumkenmerk": "", "einddatum_bekend": false, "objecttype": "", "registratie": "", "procestermijn": null}}, {"url": "http://example.com/catalogi/api/v1/resultaattypen/10599e75-c30c-40c0-a915-339c487f4c17", "zaaktype": "http://example.com/catalogi/api/v1/zaaktypen/a5525845-f393-42b2-86a1-991d015fc9d6", "omschrijving": "Afgehandeld", "resultaattypeomschrijving": "https://selectielijst.openzaak.nl/api/v1/resultaattypeomschrijvingen/7cb315fb-4f7b-4a43-aca1-e4522e4c73b3", "omschrijving_generiek": "Afgehandeld", "selectielijstklasse": "https://selectielijst.openzaak.nl/api/v1/resultaten/e0e60015-84c5-4001-a8a0-1f3a87de0cfd", "toelichting": "", "archiefnominatie": "vernietigen", "archiefactietermijn": "P5479D", "brondatum_archiefprocedure": {"afleidingswijze": "afgehandeld", "datumkenmerk": "", "einddatum_bekend": false, "objecttype": "", "registratie": "", "procestermijn": null}}, {"url": "http://example.com/catalogi/api/v1/resultaattypen/f14b6b92-e687-45c9-936e-28361857a1b9", "zaaktype": "http://example.com/catalogi/api/v1/zaaktypen/a5525845-f393-42b2-86a1-991d015fc9d6", "omschrijving": "Buiten behandeling g", "resultaattypeomschrijving": "https://selectielijst.openzaak.nl/api/v1/resultaattypeomschrijvingen/9c180d8b-2dd7-4a6f-89fa-7ba4d2f0cd8d", "omschrijving_generiek": "Niet vastgesteld", "selectielijstklasse": "https://selectielijst.openzaak.nl/api/v1/resultaten/51968c23-bde6-46a3-8b44-6551b776400c", "toelichting": "", "archiefnominatie": "vernietigen", "archiefactietermijn": "P1826D", "brondatum_archiefprocedure": {"afleidingswijze": "afgehandeld", "datumkenmerk": "", "einddatum_bekend": false, "objecttype": "", "registratie": "", "procestermijn": null}}, {"url": "http://example.com/catalogi/api/v1/resultaattypen/36ded8ce-b73f-4bc3-b275-d0f8da96c7aa", "zaaktype": "http://example.com/catalogi/api/v1/zaaktypen/a5525845-f393-42b2-86a1-991d015fc9d6", "omschrijving": "Geweigerd", "resultaattypeomschrijving": "https://selectielijst.openzaak.nl/api/v1/resultaattypeomschrijvingen/1f750958-431c-4916-bc01-af5d3a753b41", "omschrijving_generiek": "Geweigerd", "selectielijstklasse": "https://selectielijst.openzaak.nl/api/v1/resultaten/51968c23-bde6-46a3-8b44-6551b776400c", "toelichting": "", "archiefnominatie": "vernietigen", "archiefactietermijn": "P1826D", "brondatum_archiefprocedure": {"afleidingswijze": "afgehandeld", "datumkenmerk": "", "einddatum_bekend": false, "objecttype": "", "registratie": "", "procestermijn": null}}, {"url": "http://example.com/catalogi/api/v1/resultaattypen/d7f24f03-79e5-4569-a980-8cddd72aeb6f", "zaaktype": "http://example.com/catalogi/api/v1/zaaktypen/83da637c-c463-47a5-9355-98f1de85391f", "omschrijving": "Afgebroken", "resultaattypeomschrijving": "https://selectielijst.openzaak.nl/api/v1/resultaattypeomschrijvingen/ce8cf476-0b59-496f-8eee-957a7c6e2506", "omschrijving_generiek": "Afgebroken", "selectielijstklasse": "https://selectielijst.openzaak.nl/api/v1/resultaten/6b2e6d05-5eab-4655-bcda-e6f3258e6e85", "toelichting": "", "archiefnominatie": "vernietigen", "archiefactietermijn": "P42D", "brondatum_archiefprocedure": {"afleidingswijze": "afgehandeld", "datumkenmerk": "", "einddatum_bekend": false, "objecttype": "", "registratie": "", "procestermijn": null}}, {"url": "http://example.com/catalogi/api/v1/resultaattypen/50cd20c9-bcfd-4594-a880-29822be26dd5", "zaaktype": "http://example.com/catalogi/api/v1/zaaktypen/83da637c-c463-47a5-9355-98f1de85391f", "omschrijving": "Afgehandeld", "resultaattypeomschrijving": "https://selectielijst.openzaak.nl/api/v1/resultaattypeomschrijvingen/7cb315fb-4f7b-4a43-aca1-e4522e4c73b3", "omschrijving_generiek": "Afgehandeld", "selectielijstklasse": "https://selectielijst.openzaak.nl/api/v1/resultaten/dbd1fcc9-a420-4b2c-8bbe-21c11781435d", "toelichting": "", "archiefnominatie": "vernietigen", "archiefactietermijn": "P7305D", "brondatum_archiefprocedure": {"afleidingswijze": "afgehandeld", "datumkenmerk": "", "einddatum_bekend": false, "objecttype": "", "registratie": "", "procestermijn": null}}]