[{"url": "http://example.com/catalogi/api/v1/roltypen/d2b6e86a-869b-4322-8a06-e5d029d03224", "zaaktype": "http://example.com/catalogi/api/v1/zaaktypen/2ccced3b-8fe0-48b9-a8e4-906095ca394e", "omschrijving": "Behandelaar", "omschrijving_generiek": "behandelaar"}, {"url": "http://example.com/catalogi/api/v1/roltypen/eef47449-d5d5-486d-8afe-afaf772e3bca", "zaaktype": "http://example.com/catalogi/api/v1/zaaktypen/2ccced3b-8fe0-48b9-a8e4-906095ca394e", "omschrijving": "Initiator", "omschrijving_generiek": "initiator"}, {"url": "http://example.com/catalogi/api/v1/roltypen/eabed16a-b10b-442d-9337-222306261c4e", "zaaktype": "http://example.com/catalogi/api/v1/zaaktypen/2ccced3b-8fe0-48b9-a8e4-906095ca394e", "omschrijving": "Uitvoerende", "omschrijving_generiek": "beslisser"}, {"url": "http://example.com/catalogi/api/v1/roltypen/e50c7156-a3ba-4b94-88c1-de49a5cfdef7", "zaaktype": "http://example.com/catalogi/api/v1/zaaktypen/0794b397-f7fb-49d8-8657-8c9a75405757", "omschrijving": "BetrekkingOp", "omschrijving_generiek": "belanghebbende"}, {"url": "http://example.com/catalogi/api/v1/roltypen/23623331-53cc-4b50-8582-66671e044125", "zaaktype": "http://example.com/catalogi/api/v1/zaaktypen/0794b397-f7fb-49d8-8657-8c9a75405757", "omschrijving": "Verantwoordelijke", "omschrijving_generiek": "beslisser"}, {"url": "http://example.com/catalogi/api/v1/roltypen/6c540a07-ec55-4507-ad8f-bff612e862c5", "zaaktype": "http://example.com/catalogi/api/v1/zaaktypen/0794b397-f7fb-49d8-8657-8c9a75405757", "omschrijving": "Uitvoerende", "omschrijving_generiek": "belanghebbende"}, {"url": "http://example.com/catalogi/api/v1/roltypen/2c8c4a80-86b4-4aeb-b8d9-abcc57b47d45", "zaaktype": "http://example.com/catalogi/api/v1/zaaktypen/0794b397-f7fb-49d8-8657-8c9a75405757", "omschrijving": "Initiator", "omschrijving_generiek": "initiator"}, {"url": "http://example.com/catalogi/api/v1/roltypen/2cea9867-69be-4bd8-ae21-4e63c0aa4c45", "zaaktype": "http://example.com/catalogi/api/v1/zaaktypen/0794b397-f7fb-49d8-8657-8c9a75405757", "omschrijving": "Belanghebbende", "omschrijving_generiek": "belanghebbende"}, {"url": "http://example.com/catalogi/api/v1/roltypen/b8488802-3d9c-42de-8429-77e0bdaabcce", "zaaktype": "http://example.com/catalogi/api/v1/zaaktypen/b6e17aa7-17f4-4d68-9f46-28faac028eb8", "omschrijving": "Initiator", "omschrijving_generiek": "initiator"}, {"url": "http://example.com/catalogi/api/v1/roltypen/1be1fa2d-262a-43a9-90b6-2e981dbc63d6", "zaaktype": "http://example.com/catalogi/api/v1/zaaktypen/b6e17aa7-17f4-4d68-9f46-28faac028eb8", "omschrijving": "Uitvoerende", "omschrijving_generiek": "behandelaar"}, {"url": "http://example.com/catalogi/api/v1/roltypen/86ca6800-7e5c-4937-be37-1561e0cfebc7", "zaaktype": "http://example.com/catalogi/api/v1/zaaktypen/0c1b42d3-28b1-4c10-9b27-008cb1c32df6", "omschrijving": "Uitvoerende", "omschrijving_generiek": "behandelaar"}, {"url": "http://example.com/catalogi/api/v1/roltypen/a3021b38-c5c3-4e7f-80b0-918926568ca5", "zaaktype": "http://example.com/catalogi/api/v1/zaaktypen/0c1b42d3-28b1-4c10-9b27-008cb1c32df6", "omschrijving": "Initiator", "omschrijving_generiek": "initiator"}, {"url": "http://example.com/catalogi/api/v1/roltypen/319b5123-6eb8-4fc2-b7e6-12cdc82fdc4f", "zaaktype": "http://example.com/catalogi/api/v1/zaaktypen/95923345-fd45-400e-8f27-c4cfbf3d2259", "omschrijving": "Behandelaar", "omschrijving_generiek": "behandelaar"}, {"url": "http://example.com/catalogi/api/v1/roltypen/4500bb79-dc12-4228-b707-1b4405b0c397", "zaaktype": "http://example.com/catalogi/api/v1/zaaktypen/95923345-fd45-400e-8f27-c4cfbf3d2259", "omschrijving": "Initiator", "omschrijving_generiek": "initiator"}, {"url": "http://example.com/catalogi/api/v1/roltypen/459facaf-92d7-4d98-926e-a0cd2c652dce", "zaaktype": "http://example.com/catalogi/api/v1/zaaktypen/95923345-fd45-400e-8f27-c4cfbf3d2259", "omschrijving": "Belanghebbende", "omschrijving_generiek": "belanghebbende"}, {"url": "http://example.com/catalogi/api/v1/roltypen/5910584c-bc42-4bf8-85ca-de1c229659d9", "zaaktype": "http://example.com/catalogi/api/v1/zaaktypen/e9198957-09bd-4788-b71f-155b77c56e2c", "omschrijving": "Belanghebbende", "omschrijving_generiek": "belanghebbende"}, {"url": "http://example.com/catalogi/api/v1/roltypen/bde5fdcd-fea7-4408-9d55-b89cc2f988dd", "zaaktype": "http://example.com/catalogi/api/v1/zaaktypen/e9198957-09bd-4788-b71f-155b77c56e2c", "omschrijving": "BetrekkingOp", "omschrijving_generiek": "belanghebbende"}, {"url": "http://example.com/catalogi/api/v1/roltypen/c38894ea-1a79-4674-9f13-46fdf47a4fd2", "zaaktype": "http://example.com/catalogi/api/v1/zaaktypen/e9198957-09bd-4788-b71f-155b77c56e2c", "omschrijving": "Initiator", "omschrijving_generiek": "initiator"}, {"url": "http://example.com/catalogi/api/v1/roltypen/c026264e-df6c-4735-92d1-c7c2230acc0a", "zaaktype": "http://example.com/catalogi/api/v1/zaaktypen/e9198957-09bd-4788-b71f-155b77c56e2c", "omschrijving": "Uitvoerende", "omschrijving_generiek": "behandelaar"}, {"url": "http://example.com/catalogi/api/v1/roltypen/f5eec277-ec33-4660-95d0-383eba358b20", "zaaktype": "http://example.com/catalogi/api/v1/zaaktypen/e9198957-09bd-4788-b71f-155b77c56e2c", "omschrijving": "Verantwoordelijke", "omschrijving_generiek": "beslisser"}, {"url": "http://example.com/catalogi/api/v1/roltypen/7cb7b609-ea69-439e-8c13-e1cd69fc7360", "zaaktype": "http://example.com/catalogi/api/v1/zaaktypen/667553e7-7aae-4106-be65-5442f90e80af", "omschrijving": "Verantwoordelijke", "omschrijving_generiek": "beslisser"}, {"url": "http://example.com/catalogi/api/v1/roltypen/3029e2bf-19af-4312-8572-6de177535060", "zaaktype": "http://example.com/catalogi/api/v1/zaaktypen/667553e7-7aae-4106-be65-5442f90e80af", "omschrijving": "Uitvoerende", "omschrijving_generiek": "behandelaar"}, {"url": "http://example.com/catalogi/api/v1/roltypen/aa623474-ff5c-4f9c-a333-3d45a3759b0b", "zaaktype": "http://example.com/catalogi/api/v1/zaaktypen/667553e7-7aae-4106-be65-5442f90e80af", "omschrijving": "Initiator", "omschrijving_generiek": "initiator"}, {"url": "http://example.com/catalogi/api/v1/roltypen/62565838-598d-4fd8-b5c7-6afe411423eb", "zaaktype": "http://example.com/catalogi/api/v1/zaaktypen/667553e7-7aae-4106-be65-5442f90e80af", "omschrijving": "BetrekkingOp", "omschrijving_generiek": "belanghebbende"}, {"url": "http://example.com/catalogi/api/v1/roltypen/bad865bd-733d-4f70-9bc9-0f10a03169f0", "zaaktype": "http://example.com/catalogi/api/v1/zaaktypen/667553e7-7aae-4106-be65-5442f90e80af", "omschrijving": "Belanghebbende", "omschrijving_generiek": "belanghebbende"}, {"url": "http://example.com/catalogi/api/v1/roltypen/efd950f6-8566-41f5-ba7e-519eb67e1d37", "zaaktype": "http://example.com/catalogi/api/v1/zaaktypen/a5525845-f393-42b2-86a1-991d015fc9d6", "omschrijving": "Belanghebbende", "omschrijving_generiek": "belanghebbende"}, {"url": "http://example.com/catalogi/api/v1/roltypen/09239e1b-8faa-4ab1-8fde-d731ce109a93", "zaaktype": "http://example.com/catalogi/api/v1/zaaktypen/a5525845-f393-42b2-86a1-991d015fc9d6", "omschrijving": "BetrekkingOp", "omschrijving_generiek": "belanghebbende"}, {"url": "http://example.com/catalogi/api/v1/roltypen/990dca59-0362-4889-a284-095313835519", "zaaktype": "http://example.com/catalogi/api/v1/zaaktypen/a5525845-f393-42b2-86a1-991d015fc9d6", "omschrijving": "Initiator", "omschrijving_generiek": "initiator"}, {"url": "http://example.com/catalogi/api/v1/roltypen/f5f4193b-755b-40b7-9719-debb286e763d", "zaaktype": "http://example.com/catalogi/api/v1/zaaktypen/a5525845-f393-42b2-86a1-991d015fc9d6", "omschrijving": "Uitvoerende", "omschrijving_generiek": "behandelaar"}, {"url": "http://example.com/catalogi/api/v1/roltypen/b3bb0b4c-5582-46d7-8f0e-cb6a6cfb686b", "zaaktype": "http://example.com/catalogi/api/v1/zaaktypen/a5525845-f393-42b2-86a1-991d015fc9d6", "omschrijving": "Verantwoordelijke", "omschrijving_generiek": "beslisser"}, {"url": "http://example.com/catalogi/api/v1/roltypen/d2c262ab-1dbb-49d8-aa6c-bdf987bff5ae", "zaaktype": "http://example.com/catalogi/api/v1/zaaktypen/83da637c-c463-47a5-9355-98f1de85391f", "omschrijving": "Belanghebbende", "omschrijving_generiek": "belanghebbende"}, {"url": "http://example.com/catalogi/api/v1/roltypen/27483fa6-5e2e-4e24-957f-130afc082e27", "zaaktype": "http://example.com/catalogi/api/v1/zaaktypen/83da637c-c463-47a5-9355-98f1de85391f", "omschrijving": "BetrekkingOp", "omschrijving_generiek": "belanghebbende"}, {"url": "http://example.com/catalogi/api/v1/roltypen/22db58fb-44df-449f-8ba8-ace96dba617e", "zaaktype": "http://example.com/catalogi/api/v1/zaaktypen/83da637c-c463-47a5-9355-98f1de85391f", "omschrijving": "Initiator", "omschrijving_generiek": "initiator"}, {"url": "http://example.com/catalogi/api/v1/roltypen/141d44fa-1450-421d-8793-6f148630bc74", "zaaktype": "http://example.com/catalogi/api/v1/zaaktypen/83da637c-c463-47a5-9355-98f1de85391f", "omschrijving": "Uitvoerende", "omschrijving_generiek": "behandelaar"}, {"url": "http://example.com/catalogi/api/v1/roltypen/73922a99-28d2-4a23-aa0f-1cc980219f3a", "zaaktype": "http://example.com/catalogi/api/v1/zaaktypen/83da637c-c463-47a5-9355-98f1de85391f", "omschrijving": "Verantwoordelijke", "omschrijving_generiek": "beslisser"}]