[{"url": "http://example.com/catalogi/api/v1/statustypen/b57a50fc-1fd0-421d-88b4-2f5822003d13", "omschrijving": "Afgehandeld", "omschrijving_generiek": "Afgehandeld", "statustekst": "", "zaaktype": "http://example.com/catalogi/api/v1/zaaktypen/2ccced3b-8fe0-48b9-a8e4-906095ca394e", "volgnummer": 5, "is_eindstatus": true, "informeren": false}, {"url": "http://example.com/catalogi/api/v1/statustypen/b0b5efbf-1e14-41f6-9223-ae18cd0d2780", "omschrijving": "Uitvoering afgerond", "omschrijving_generiek": "Uitvoering afgerond", "statustekst": "", "zaaktype": "http://example.com/catalogi/api/v1/zaaktypen/2ccced3b-8fe0-48b9-a8e4-906095ca394e", "volgnummer": 4, "is_eindstatus": false, "informeren": false}, {"url": "http://example.com/catalogi/api/v1/statustypen/c0827602-34e0-42ec-95de-ac69314c4e91", "omschrijving": "In behandeling genomen", "omschrijving_generiek": "In behandeling genomen", "statustekst": "", "zaaktype": "http://example.com/catalogi/api/v1/zaaktypen/2ccced3b-8fe0-48b9-a8e4-906095ca394e", "volgnummer": 3, "is_eindstatus": false, "informeren": false}, {"url": "http://example.com/catalogi/api/v1/statustypen/21ee8ab2-cb70-42b3-b81c-fd9e4e283e33", "omschrijving": "Geregistreerd", "omschrijving_generiek": "Geregistreerd", "statustekst": "", "zaaktype": "http://example.com/catalogi/api/v1/zaaktypen/2ccced3b-8fe0-48b9-a8e4-906095ca394e", "volgnummer": 2, "is_eindstatus": false, "informeren": false}, {"url": "http://example.com/catalogi/api/v1/statustypen/978ca441-e3c8-4ce9-9dca-eca8ed8a9e93", "omschrijving": "Geaccepteerd", "omschrijving_generiek": "Geaccepteerd", "statustekst": "", "zaaktype": "http://example.com/catalogi/api/v1/zaaktypen/2ccced3b-8fe0-48b9-a8e4-906095ca394e", "volgnummer": 1, "is_eindstatus": false, "informeren": false}, {"url": "http://example.com/catalogi/api/v1/statustypen/6cbd5d70-9da8-4481-8503-014578f0a34e", "omschrijving": "Afgehandeld", "omschrijving_generiek": "Afgehandeld", "statustekst": "", "zaaktype": "http://example.com/catalogi/api/v1/zaaktypen/0794b397-f7fb-49d8-8657-8c9a75405757", "volgnummer": 10, "is_eindstatus": true, "informeren": false}, {"url": "http://example.com/catalogi/api/v1/statustypen/d5bf25ba-00c3-4ae5-b273-0b2826474ef2", "omschrijving": "Besluitvorming afgerond", "omschrijving_generiek": "Besluitvorming afgerond", "statustekst": "", "zaaktype": "http://example.com/catalogi/api/v1/zaaktypen/0794b397-f7fb-49d8-8657-8c9a75405757", "volgnummer": 7, "is_eindstatus": false, "informeren": false}, {"url": "http://example.com/catalogi/api/v1/statustypen/4c5ab517-d89c-4048-983b-ad4333edeee2", "omschrijving": "Voorstel voor besluitvorming opgesteld", "omschrijving_generiek": "Voorstel voor besluitvorming opgesteld", "statustekst": "", "zaaktype": "http://example.com/catalogi/api/v1/zaaktypen/0794b397-f7fb-49d8-8657-8c9a75405757", "volgnummer": 6, "is_eindstatus": false, "informeren": false}, {"url": "http://example.com/catalogi/api/v1/statustypen/a0aa3459-5305-499a-a1dd-c090ea44da38", "omschrijving": "Onderzoek afgerond", "omschrijving_generiek": "Onderzoek afgerond", "statustekst": "", "zaaktype": "http://example.com/catalogi/api/v1/zaaktypen/0794b397-f7fb-49d8-8657-8c9a75405757", "volgnummer": 5, "is_eindstatus": false, "informeren": false}, {"url": "http://example.com/catalogi/api/v1/statustypen/20372f07-f89d-4517-9a0c-8ebf001a0b1d", "omschrijving": "In behandeling genomen", "omschrijving_generiek": "In behandeling genomen", "statustekst": "", "zaaktype": "http://example.com/catalogi/api/v1/zaaktypen/0794b397-f7fb-49d8-8657-8c9a75405757", "volgnummer": 3, "is_eindstatus": false, "informeren": false}, {"url": "http://example.com/catalogi/api/v1/statustypen/98b30f4c-98c3-4a24-a04a-51f909aeb972", "omschrijving": "Geaccepteerd", "omschrijving_generiek": "Geaccepteerd", "statustekst": "", "zaaktype": "http://example.com/catalogi/api/v1/zaaktypen/0794b397-f7fb-49d8-8657-8c9a75405757", "volgnummer": 2, "is_eindstatus": false, "informeren": false}, {"url": "http://example.com/catalogi/api/v1/statustypen/5cce8bb5-1c75-4847-807a-5359dd3e8a71", "omschrijving": "Ontvangen", "omschrijving_generiek": "Ontvangen", "statustekst": "", "zaaktype": "http://example.com/catalogi/api/v1/zaaktypen/0794b397-f7fb-49d8-8657-8c9a75405757", "volgnummer": 1, "is_eindstatus": false, "informeren": false}, {"url": "http://example.com/catalogi/api/v1/statustypen/f1db1c4c-1340-4f68-8857-a78bc35613cf", "omschrijving": "Afgehandeld", "omschrijving_generiek": "Afgehandeld", "statustekst": "", "zaaktype": "http://example.com/catalogi/api/v1/zaaktypen/b6e17aa7-17f4-4d68-9f46-28faac028eb8", "volgnummer": 8, "is_eindstatus": true, "informeren": false}, {"url": "http://example.com/catalogi/api/v1/statustypen/83fcf473-a23c-49ba-bfba-2b662c7bf517", "omschrijving": "Gereed om af te halen op locatie Bolsward", "omschrijving_generiek": "Gereed om af te halen op locatie Bolsward", "statustekst": "", "zaaktype": "http://example.com/catalogi/api/v1/zaaktypen/b6e17aa7-17f4-4d68-9f46-28faac028eb8", "volgnummer": 7, "is_eindstatus": false, "informeren": false}, {"url": "http://example.com/catalogi/api/v1/statustypen/2f68eaf8-b3e1-4544-8749-d149f33a8bd5", "omschrijving": "Gereed om af te halen op locatie Sneek", "omschrijving_generiek": "Gereed om af te halen op locatie Sneek", "statustekst": "", "zaaktype": "http://example.com/catalogi/api/v1/zaaktypen/b6e17aa7-17f4-4d68-9f46-28faac028eb8", "volgnummer": 6, "is_eindstatus": false, "informeren": false}, {"url": "http://example.com/catalogi/api/v1/statustypen/e3509729-2b30-4ee2-ba6a-dc37c0d951ea", "omschrijving": "Rijbewijs in productie", "omschrijving_generiek": "Rijbewijs in productie", "statustekst": "", "zaaktype": "http://example.com/catalogi/api/v1/zaaktypen/b6e17aa7-17f4-4d68-9f46-28faac028eb8", "volgnummer": 5, "is_eindstatus": false, "informeren": false}, {"url": "http://example.com/catalogi/api/v1/statustypen/bd19ff86-6fa7-4616-a7b1-46d28bb9d093", "omschrijving": "Aanvraag in behandeling genomen bij RDW", "omschrijving_generiek": "Aanvraag in behandeling genomen bij RDW", "statustekst": "", "zaaktype": "http://example.com/catalogi/api/v1/zaaktypen/b6e17aa7-17f4-4d68-9f46-28faac028eb8", "volgnummer": 4, "is_eindstatus": false, "informeren": false}, {"url": "http://example.com/catalogi/api/v1/statustypen/8ef6bb14-4a5f-4dcc-99ee-2ec69ca4d470", "omschrijving": "Geregistreerd door RDW", "omschrijving_generiek": "Geregistreerd door RDW", "statustekst": "", "zaaktype": "http://example.com/catalogi/api/v1/zaaktypen/b6e17aa7-17f4-4d68-9f46-28faac028eb8", "volgnummer": 3, "is_eindstatus": false, "informeren": false}, {"url": "http://example.com/catalogi/api/v1/statustypen/2b29bdeb-8be5-40f0-9b5f-efa8af832ffa", "omschrijving": "Aanvraag verstuurd naar RDW", "omschrijving_generiek": "Aanvraag verstuurd naar RDW", "statustekst": "", "zaaktype": "http://example.com/catalogi/api/v1/zaaktypen/b6e17aa7-17f4-4d68-9f46-28faac028eb8", "volgnummer": 2, "is_eindstatus": false, "informeren": false}, {"url": "http://example.com/catalogi/api/v1/statustypen/411d2130-e0e7-4c90-9c7a-c1846dafac33", "omschrijving": "Aanvraag in behandeling genomen", "omschrijving_generiek": "Aanvraag in behandeling genomen", "statustekst": "", "zaaktype": "http://example.com/catalogi/api/v1/zaaktypen/b6e17aa7-17f4-4d68-9f46-28faac028eb8", "volgnummer": 1, "is_eindstatus": false, "informeren": false}, {"url": "http://example.com/catalogi/api/v1/statustypen/e7aa5b85-11c9-450c-a3bd-b96134a14885", "omschrijving": "Afgehandeld", "omschrijving_generiek": "Afgehandeld", "statustekst": "", "zaaktype": "http://example.com/catalogi/api/v1/zaaktypen/0c1b42d3-28b1-4c10-9b27-008cb1c32df6", "volgnummer": 8, "is_eindstatus": true, "informeren": false}, {"url": "http://example.com/catalogi/api/v1/statustypen/97b9b348-28f4-490c-85a2-b9d9b2cc7598", "omschrijving": "Gereed om af te halen op locatie Bolsward", "omschrijving_generiek": "Gereed om af te halen op locatie Bolsward", "statustekst": "", "zaaktype": "http://example.com/catalogi/api/v1/zaaktypen/0c1b42d3-28b1-4c10-9b27-008cb1c32df6", "volgnummer": 7, "is_eindstatus": false, "informeren": false}, {"url": "http://example.com/catalogi/api/v1/statustypen/f65b3362-5ebf-4faf-a7ce-3e75617254ed", "omschrijving": "Gereed om af te halen op locatie Sneek", "omschrijving_generiek": "Gereed om af te halen op locatie Sneek", "statustekst": "", "zaaktype": "http://example.com/catalogi/api/v1/zaaktypen/0c1b42d3-28b1-4c10-9b27-008cb1c32df6", "volgnummer": 6, "is_eindstatus": false, "informeren": false}, {"url": "http://example.com/catalogi/api/v1/statustypen/48fb04dc-4ed6-45b3-bc56-96f9c79641cb", "omschrijving": "Rijbewijs in productie", "omschrijving_generiek": "Rijbewijs in productie", "statustekst": "", "zaaktype": "http://example.com/catalogi/api/v1/zaaktypen/0c1b42d3-28b1-4c10-9b27-008cb1c32df6", "volgnummer": 5, "is_eindstatus": false, "informeren": false}, {"url": "http://example.com/catalogi/api/v1/statustypen/0ba977e2-809c-40d2-abf8-e8ad951524e6", "omschrijving": "Aanvraag in behandeling genomen bij RDW", "omschrijving_generiek": "Aanvraag in behandeling genomen bij RDW", "statustekst": "", "zaaktype": "http://example.com/catalogi/api/v1/zaaktypen/0c1b42d3-28b1-4c10-9b27-008cb1c32df6", "volgnummer": 4, "is_eindstatus": false, "informeren": false}, {"url": "http://example.com/catalogi/api/v1/statustypen/58549ea9-630f-47ef-b1d0-096ac364b17c", "omschrijving": "Geregistreerd door RDW", "omschrijving_generiek": "Geregistreerd door RDW", "statustekst": "", "zaaktype": "http://example.com/catalogi/api/v1/zaaktypen/0c1b42d3-28b1-4c10-9b27-008cb1c32df6", "volgnummer": 3, "is_eindstatus": false, "informeren": false}, {"url": "http://example.com/catalogi/api/v1/statustypen/c830fda9-ceb2-4ca3-ba40-ce34fb6e895d", "omschrijving": "Aanvraag verstuurd naar RDW", "omschrijving_generiek": "Aanvraag verstuurd naar RDW", "statustekst": "", "zaaktype": "http://example.com/catalogi/api/v1/zaaktypen/0c1b42d3-28b1-4c10-9b27-008cb1c32df6", "volgnummer": 2, "is_eindstatus": false, "informeren": false}, {"url": "http://example.com/catalogi/api/v1/statustypen/b87536ae-1bae-4f7b-ad87-a6d74f643bd8", "omschrijving": "Aanvraag in behandeling genomen", "omschrijving_generiek": "Aanvraag in behandeling genomen", "statustekst": "", "zaaktype": "http://example.com/catalogi/api/v1/zaaktypen/0c1b42d3-28b1-4c10-9b27-008cb1c32df6", "volgnummer": 1, "is_eindstatus": false, "informeren": false}, {"url": "http://example.com/catalogi/api/v1/statustypen/b545ab77-06ce-4954-a559-11d02ab2add7", "omschrijving": "Afgehandeld", "omschrijving_generiek": "Afgehandeld", "statustekst": "", "zaaktype": "http://example.com/catalogi/api/v1/zaaktypen/95923345-fd45-400e-8f27-c4cfbf3d2259", "volgnummer": 10, "is_eindstatus": true, "informeren": false}, {"url": "http://example.com/catalogi/api/v1/statustypen/f3a244e5-b957-4d61-aee4-99246eb2d139", "omschrijving": "Ter inzage legging afgerond", "omschrijving_generiek": "Ter inzage legging afgerond", "statustekst": "", "zaaktype": "http://example.com/catalogi/api/v1/zaaktypen/95923345-fd45-400e-8f27-c4cfbf3d2259", "volgnummer": 9, "is_eindstatus": false, "informeren": false}, {"url": "http://example.com/catalogi/api/v1/statustypen/b4797485-6863-4e4c-a892-ae663de3d2b3", "omschrijving": "Besluitvorming afgerond", "omschrijving_generiek": "Besluitvorming afgerond", "statustekst": "", "zaaktype": "http://example.com/catalogi/api/v1/zaaktypen/95923345-fd45-400e-8f27-c4cfbf3d2259", "volgnummer": 8, "is_eindstatus": false, "informeren": false}, {"url": "http://example.com/catalogi/api/v1/statustypen/55737a94-1fe8-46e6-9cdf-1ddad9a237f8", "omschrijving": "Besluit genomen", "omschrijving_generiek": "Besluit genomen", "statustekst": "", "zaaktype": "http://example.com/catalogi/api/v1/zaaktypen/95923345-fd45-400e-8f27-c4cfbf3d2259", "volgnummer": 7, "is_eindstatus": false, "informeren": false}, {"url": "http://example.com/catalogi/api/v1/statustypen/b11086a6-a199-4ea5-91ef-9f06d0f562a9", "omschrijving": "Voorstel voor besluitvorming opgesteld", "omschrijving_generiek": "Voorstel voor besluitvorming opgesteld", "statustekst": "", "zaaktype": "http://example.com/catalogi/api/v1/zaaktypen/95923345-fd45-400e-8f27-c4cfbf3d2259", "volgnummer": 6, "is_eindstatus": false, "informeren": false}, {"url": "http://example.com/catalogi/api/v1/statustypen/a2e25369-1e55-478e-acbf-290dd3f2dbed", "omschrijving": "Voorstel voor besluitvorming", "omschrijving_generiek": "Voorstel voor besluitvorming", "statustekst": "", "zaaktype": "http://example.com/catalogi/api/v1/zaaktypen/95923345-fd45-400e-8f27-c4cfbf3d2259", "volgnummer": 5, "is_eindstatus": false, "informeren": false}, {"url": "http://example.com/catalogi/api/v1/statustypen/5468b041-d3b5-4b5b-b2d8-f22e85d5b63d", "omschrijving": "Intake afgerond", "omschrijving_generiek": "Intake afgerond", "statustekst": "", "zaaktype": "http://example.com/catalogi/api/v1/zaaktypen/95923345-fd45-400e-8f27-c4cfbf3d2259", "volgnummer": 4, "is_eindstatus": false, "informeren": false}, {"url": "http://example.com/catalogi/api/v1/statustypen/f76ed109-cb32-4696-ae0a-120df2538582", "omschrijving": "In behandeling genomen", "omschrijving_generiek": "In behandeling genomen", "statustekst": "", "zaaktype": "http://example.com/catalogi/api/v1/zaaktypen/95923345-fd45-400e-8f27-c4cfbf3d2259", "volgnummer": 3, "is_eindstatus": false, "informeren": false}, {"url": "http://example.com/catalogi/api/v1/statustypen/307fe81f-b5f8-4f49-8a1b-6219c90832e7", "omschrijving": "Getoetst op indieningsvereisten", "omschrijving_generiek": "Getoetst op indieningsvereisten", "statustekst": "", "zaaktype": "http://example.com/catalogi/api/v1/zaaktypen/95923345-fd45-400e-8f27-c4cfbf3d2259", "volgnummer": 2, "is_eindstatus": false, "informeren": false}, {"url": "http://example.com/catalogi/api/v1/statustypen/b8d6eaa6-bf8e-4c43-b397-174e1fcd39a0", "omschrijving": "Geregistreerd", "omschrijving_generiek": "Geregistreerd", "statustekst": "", "zaaktype": "http://example.com/catalogi/api/v1/zaaktypen/95923345-fd45-400e-8f27-c4cfbf3d2259", "volgnummer": 1, "is_eindstatus": false, "informeren": false}, {"url": "http://example.com/catalogi/api/v1/statustypen/34002c03-4707-4dc4-acde-088f3fedc589", "omschrijving": "Afgehandeld", "omschrijving_generiek": "Afgehandeld", "statustekst": "", "zaaktype": "http://example.com/catalogi/api/v1/zaaktypen/e9198957-09bd-4788-b71f-155b77c56e2c", "volgnummer": 7, "is_eindstatus": true, "informeren": false}, {"url": "http://example.com/catalogi/api/v1/statustypen/9829c4c5-d12a-4586-8e9e-d6f32bbf34ae", "omschrijving": "Uitvoering afgerond", "omschrijving_generiek": "Uitvoering afgerond", "statustekst": "", "zaaktype": "http://example.com/catalogi/api/v1/zaaktypen/e9198957-09bd-4788-b71f-155b77c56e2c", "volgnummer": 6, "is_eindstatus": false, "informeren": false}, {"url": "http://example.com/catalogi/api/v1/statustypen/b1c085d5-5d14-41ac-8389-00727a0918f3", "omschrijving": "Onderzoek afgerond", "omschrijving_generiek": "Onderzoek afgerond", "statustekst": "", "zaaktype": "http://example.com/catalogi/api/v1/zaaktypen/e9198957-09bd-4788-b71f-155b77c56e2c", "volgnummer": 5, "is_eindstatus": false, "informeren": false}, {"url": "http://example.com/catalogi/api/v1/statustypen/cbadd0f2-2704-460c-b5e3-2aa31e689b76", "omschrijving": "In behandeling genomen", "omschrijving_generiek": "In behandeling genomen", "statustekst": "", "zaaktype": "http://example.com/catalogi/api/v1/zaaktypen/e9198957-09bd-4788-b71f-155b77c56e2c", "volgnummer": 4, "is_eindstatus": false, "informeren": false}, {"url": "http://example.com/catalogi/api/v1/statustypen/539bf332-070b-48cd-a701-35140afce66e", "omschrijving": "Geregistreerd", "omschrijving_generiek": "Geregistreerd", "statustekst": "", "zaaktype": "http://example.com/catalogi/api/v1/zaaktypen/e9198957-09bd-4788-b71f-155b77c56e2c", "volgnummer": 3, "is_eindstatus": false, "informeren": false}, {"url": "http://example.com/catalogi/api/v1/statustypen/1e43a561-9bbc-4dd5-89ca-b03ab8605837", "omschrijving": "Geaccepteerd", "omschrijving_generiek": "Geaccepteerd", "statustekst": "", "zaaktype": "http://example.com/catalogi/api/v1/zaaktypen/e9198957-09bd-4788-b71f-155b77c56e2c", "volgnummer": 2, "is_eindstatus": false, "informeren": false}, {"url": "http://example.com/catalogi/api/v1/statustypen/18ff61bc-2424-4a15-971e-a53f34013251", "omschrijving": "Besluitvorming afgerond", "omschrijving_generiek": "Besluitvorming afgerond", "statustekst": "", "zaaktype": "http://example.com/catalogi/api/v1/zaaktypen/e9198957-09bd-4788-b71f-155b77c56e2c", "volgnummer": 1, "is_eindstatus": false, "informeren": false}, {"url": "http://example.com/catalogi/api/v1/statustypen/9292e287-4972-457b-a137-192267758f8c", "omschrijving": "Besluitvorming afgerond", "omschrijving_generiek": "Besluitvorming afgerond", "statustekst": "", "zaaktype": "http://example.com/catalogi/api/v1/zaaktypen/667553e7-7aae-4106-be65-5442f90e80af", "volgnummer": 7, "is_eindstatus": true, "informeren": false}, {"url": "http://example.com/catalogi/api/v1/statustypen/9045d8b1-0430-470d-bf31-940c3430fde5", "omschrijving": "Uitvoering afgerond", "omschrijving_generiek": "Uitvoering afgerond", "statustekst": "", "zaaktype": "http://example.com/catalogi/api/v1/zaaktypen/667553e7-7aae-4106-be65-5442f90e80af", "volgnummer": 6, "is_eindstatus": false, "informeren": false}, {"url": "http://example.com/catalogi/api/v1/statustypen/343a7bf3-b4f9-4047-bda3-24d4e57ba55c", "omschrijving": "Onderzoek afgerond", "omschrijving_generiek": "Onderzoek afgerond", "statustekst": "", "zaaktype": "http://example.com/catalogi/api/v1/zaaktypen/667553e7-7aae-4106-be65-5442f90e80af", "volgnummer": 5, "is_eindstatus": false, "informeren": false}, {"url": "http://example.com/catalogi/api/v1/statustypen/fa579ac6-5a3d-4a95-a01d-e8ea0a652b49", "omschrijving": "In behandeling genomen", "omschrijving_generiek": "In behandeling genomen", "statustekst": "", "zaaktype": "http://example.com/catalogi/api/v1/zaaktypen/667553e7-7aae-4106-be65-5442f90e80af", "volgnummer": 4, "is_eindstatus": false, "informeren": false}, {"url": "http://example.com/catalogi/api/v1/statustypen/14a55a50-e1ad-48d7-b58a-ad6e07cf3925", "omschrijving": "Geregistreerd", "omschrijving_generiek": "Geregistreerd", "statustekst": "", "zaaktype": "http://example.com/catalogi/api/v1/zaaktypen/667553e7-7aae-4106-be65-5442f90e80af", "volgnummer": 3, "is_eindstatus": false, "informeren": false}, {"url": "http://example.com/catalogi/api/v1/statustypen/1f2fe1ec-9722-4396-8d6d-3cacf1867801", "omschrijving": "Geaccepteerd", "omschrijving_generiek": "Geaccepteerd", "statustekst": "", "zaaktype": "http://example.com/catalogi/api/v1/zaaktypen/667553e7-7aae-4106-be65-5442f90e80af", "volgnummer": 2, "is_eindstatus": false, "informeren": false}, {"url": "http://example.com/catalogi/api/v1/statustypen/dc8b0e33-ed54-4f01-9f99-c939dd2c7d67", "omschrijving": "Nieuw", "omschrijving_generiek": "Nieuw", "statustekst": "", "zaaktype": "http://example.com/catalogi/api/v1/zaaktypen/667553e7-7aae-4106-be65-5442f90e80af", "volgnummer": 1, "is_eindstatus": false, "informeren": false}, {"url": "http://example.com/catalogi/api/v1/statustypen/95404296-64fb-447f-94ea-9c6410194a3c", "omschrijving": "Afgehandeld", "omschrijving_generiek": "Afgehandeld", "statustekst": "", "zaaktype": "http://example.com/catalogi/api/v1/zaaktypen/a5525845-f393-42b2-86a1-991d015fc9d6", "volgnummer": 8, "is_eindstatus": true, "informeren": false}, {"url": "http://example.com/catalogi/api/v1/statustypen/a07ca20d-a6a3-498c-bfe7-e10a4e8e4ac7", "omschrijving": "Besluitvorming afgerond", "omschrijving_generiek": "Besluitvorming afgerond", "statustekst": "", "zaaktype": "http://example.com/catalogi/api/v1/zaaktypen/a5525845-f393-42b2-86a1-991d015fc9d6", "volgnummer": 7, "is_eindstatus": false, "informeren": false}, {"url": "http://example.com/catalogi/api/v1/statustypen/1ab62bc3-b5e7-4a88-8d5f-228070b7d8bc", "omschrijving": "Uitvoering afgerond", "omschrijving_generiek": "Uitvoering afgerond", "statustekst": "", "zaaktype": "http://example.com/catalogi/api/v1/zaaktypen/a5525845-f393-42b2-86a1-991d015fc9d6", "volgnummer": 6, "is_eindstatus": false, "informeren": false}, {"url": "http://example.com/catalogi/api/v1/statustypen/029a59b2-6283-459b-a7ea-53a59e7ef85a", "omschrijving": "Onderzoek afgerond", "omschrijving_generiek": "Onderzoek afgerond", "statustekst": "", "zaaktype": "http://example.com/catalogi/api/v1/zaaktypen/a5525845-f393-42b2-86a1-991d015fc9d6", "volgnummer": 5, "is_eindstatus": false, "informeren": false}, {"url": "http://example.com/catalogi/api/v1/statustypen/d352c3e1-1d52-4907-9635-f9aacdcde3c2", "omschrijving": "In behandeling genomen", "omschrijving_generiek": "In behandeling genomen", "statustekst": "", "zaaktype": "http://example.com/catalogi/api/v1/zaaktypen/a5525845-f393-42b2-86a1-991d015fc9d6", "volgnummer": 4, "is_eindstatus": false, "informeren": false}, {"url": "http://example.com/catalogi/api/v1/statustypen/5946670b-8202-4bf1-9ca3-a8f7ad922dd4", "omschrijving": "Geregistreerd", "omschrijving_generiek": "Geregistreerd", "statustekst": "", "zaaktype": "http://example.com/catalogi/api/v1/zaaktypen/a5525845-f393-42b2-86a1-991d015fc9d6", "volgnummer": 3, "is_eindstatus": false, "informeren": false}, {"url": "http://example.com/catalogi/api/v1/statustypen/94168937-649d-4330-9c46-06c924427b7b", "omschrijving": "Geaccepteerd", "omschrijving_generiek": "Geaccepteerd", "statustekst": "", "zaaktype": "http://example.com/catalogi/api/v1/zaaktypen/a5525845-f393-42b2-86a1-991d015fc9d6", "volgnummer": 2, "is_eindstatus": false, "informeren": false}, {"url": "http://example.com/catalogi/api/v1/statustypen/375cbdf0-9afb-4b75-92c7-bf6f89198ff3", "omschrijving": "Nieuw", "omschrijving_generiek": "Nieuw", "statustekst": "", "zaaktype": "http://example.com/catalogi/api/v1/zaaktypen/a5525845-f393-42b2-86a1-991d015fc9d6", "volgnummer": 1, "is_eindstatus": false, "informeren": false}, {"url": "http://example.com/catalogi/api/v1/statustypen/fc6797b4-1f16-47fb-86e0-fda8ba6b7725", "omschrijving": "Afgehandeld", "omschrijving_generiek": "Afgehandeld", "statustekst": "", "zaaktype": "http://example.com/catalogi/api/v1/zaaktypen/83da637c-c463-47a5-9355-98f1de85391f", "volgnummer": 5, "is_eindstatus": true, "informeren": false}, {"url": "http://example.com/catalogi/api/v1/statustypen/1feed436-ef10-4ba6-8b69-a80574075720", "omschrijving": "Uitvoering afgerond", "omschrijving_generiek": "Uitvoering afgerond", "statustekst": "", "zaaktype": "http://example.com/catalogi/api/v1/zaaktypen/83da637c-c463-47a5-9355-98f1de85391f", "volgnummer": 4, "is_eindstatus": false, "informeren": false}, {"url": "http://example.com/catalogi/api/v1/statustypen/c3ea2728-051e-4816-be46-a73acf1e2461", "omschrijving": "In behandeling genomen", "omschrijving_generiek": "In behandeling genomen", "statustekst": "", "zaaktype": "http://example.com/catalogi/api/v1/zaaktypen/83da637c-c463-47a5-9355-98f1de85391f", "volgnummer": 3, "is_eindstatus": false, "informeren": false}, {"url": "http://example.com/catalogi/api/v1/statustypen/87992603-c08d-46b3-8427-1c1a1524c947", "omschrijving": "Geregistreerd", "omschrijving_generiek": "Geregistreerd", "statustekst": "", "zaaktype": "http://example.com/catalogi/api/v1/zaaktypen/83da637c-c463-47a5-9355-98f1de85391f", "volgnummer": 2, "is_eindstatus": false, "informeren": false}, {"url": "http://example.com/catalogi/api/v1/statustypen/a6d1e217-ae4a-44c8-8063-25c039d7dc04", "omschrijving": "Geaccepteerd", "omschrijving_generiek": "Geaccepteerd", "statustekst": "", "zaaktype": "http://example.com/catalogi/api/v1/zaaktypen/83da637c-c463-47a5-9355-98f1de85391f", "volgnummer": 1, "is_eindstatus": false, "informeren": false}]