[{"url": "http://example.com/catalogi/api/v1/zaaktype-informatieobjecttypen/6276ad7a-3a3b-4109-a468-71e286fb2ed5", "zaaktype": "http://example.com/catalogi/api/v1/zaaktypen/0794b397-f7fb-49d8-8657-8c9a75405757", "informatieobjecttype": "http://example.com/catalogi/api/v1/informatieobjecttypen/7bb785d8-d3bb-40f5-b9b8-8b080f0d3967", "volgnummer": 1, "richting": "intern", "statustype": null}, {"url": "http://example.com/catalogi/api/v1/zaaktype-informatieobjecttypen/c3585d5c-39dd-40db-a757-f553d303c7c2", "zaaktype": "http://example.com/catalogi/api/v1/zaaktypen/667553e7-7aae-4106-be65-5442f90e80af", "informatieobjecttype": "http://example.com/catalogi/api/v1/informatieobjecttypen/66de6a3f-26a3-4d0f-894e-1b06dd1d4dcc", "volgnummer": 1, "richting": "inkomend", "statustype": null}, {"url": "http://example.com/catalogi/api/v1/zaaktype-informatieobjecttypen/4f7b485b-fe94-40b9-b0a0-48b3a48cd646", "zaaktype": "http://example.com/catalogi/api/v1/zaaktypen/a5525845-f393-42b2-86a1-991d015fc9d6", "informatieobjecttype": "http://example.com/catalogi/api/v1/informatieobjecttypen/66de6a3f-26a3-4d0f-894e-1b06dd1d4dcc", "volgnummer": 1, "richting": "inkomend", "statustype": null}]